date,person,translation,.polarity,p/n,Place
date,user,text,0.0,0.0,place
Fri Apr 30 15:47:32 +0000 2021,mohamed35359481,https://t.co/iclRT5K5Gw,0.0,0.0,Sharjah
Fri Apr 30 15:47:44 +0000 2021,EkLovya_kaushik,#RohitSardanaCan't believe that now we are use thePast tense for him.Ohhh mere baghwaan kuch to rahmm krVery saโฆ https://t.co/17g6RgFAdr,-0.41666666666666663,0.5,Abu Dhabi
Fri Apr 30 15:47:46 +0000 2021,nagihamad,ุงูููู ..ูฃู ุฃุจุฑูู ูขููขูกู https://t.co/eqqrdM8abD,0.0,0.0,ุงูุจุฑููู
Fri Apr 30 15:47:48 +0000 2021,nouraaljarrah,ูุฏุงุนููุฉ ุงุจุฑูู ๐ https://t.co/PuuUILiUf5,0.0,0.0,khorfakkan
Fri Apr 30 15:47:49 +0000 2021,MardomPesare,@inotherhand ูุฑุฏ ุญุณุงุจ ุชูุฎูุฏุช ูู ุงููุงุด ุฑูู ูุงุจูุฏ ุฏฺฏู ุฏุฑุญุฏ ูุงฺฉ ูู ุจุง ูุงุช ฺฉุงูฺฉุดู ูุณุชู ูุชุงุณูุงูู,0.0,0.0,ุฌูููุฑ ุงุณูุงู ุงุฑุงู
Fri Apr 30 15:47:49 +0000 2021,emiratesrc,ยฐยฐ~ยูู ุฌุฒุกุงู ุจุฒุฑุน ุงููุฑุญุฉ ูู ูููุจ ุงูุฃุทูุงู ุจุชูููุฑ ูุณูุฉ ุงูุนูุฏ.ูู_ุงูุชุบููุฑ_ูู_ุฑูุถุงู ุ ูุชุฑูู ุธูุฃููุ ูุชูุฑุญ ุฃุทูุงูููุ ูโฆ https://t.co/JaxYODP1HT,0.0,0.0,Abu Dhabi
Fri Apr 30 15:47:50 +0000 2021,fdb24,@_d2ts ๐ฅณ๐ฅณโฅ๏ธ,0.0,0.0,ุงูุธุงูุฑุฉ
Fri Apr 30 15:47:52 +0000 2021,majidyadollahz1,@foufooll ูุนุฏู ูุง ุงุฑุชูุงุนุงุช ูุงุดูู,0.0,0.0,Islamic Republic of Iran
Fri Apr 30 15:47:52 +0000 2021,psrx,@faizalii10 Wishing you and your family Happy Eid In Advance โค๏ธโจโฅ๏ธ,0.8,1.0,Dubai
Fri Apr 30 15:47:53 +0000 2021,emiratesrc,Be the reason behind the joy of the children by providing Eid clothing #Be_thechange_inRamadan to quench their thโฆ https://t.co/LfUZfKtTaX,0.2,0.44999999999999996,Abu Dhabi
Fri Apr 30 15:48:03 +0000 2021,MrTech02,@sajidsultan ูุดู  ุจฺพุงุฆุ ุฒุงุฑ ุฑููพ ฺฉุง ฺฉุงู ฺฉุง ฺฉูพ ูพ ฺฉุฑ ุขุช ฺบ ุงูุฑ ูููนู ุงูพ ููฺ ฺฉุฑุช ฺบ ูุงฺบ ฺฉฺฺพ ูุดฺฉู ูฺบ ูฺฏุชุงุโฆ https://t.co/5mpwP3bG9n,0.0,0.0,Abu Dhabi
Fri Apr 30 15:48:05 +0000 2021,itshud__,@Arkeem_ โฅ๏ธโฅ๏ธโฅ๏ธโฅ๏ธโฅ๏ธโฅ๏ธ.,0.0,0.0,Al Buraymi
Fri Apr 30 15:48:10 +0000 2021,kija_mazeni,@roza_____r ๐๐คฆโโ๏ธูุงูุง,0.0,0.0,ุฌูููุฑ ุงุณูุงู ุงุฑุงู
Fri Apr 30 15:48:11 +0000 2021,Mohsentinaa,@sghatilpersian @arashmidos9 @bolfazl80 @IsraelPersian ุงุฒ ู ุจูุงุฆ ฺู ุงูุชุธุงุฑ ุฏุงุฑ ุฏูุณุช ฺฏุฑุงู ุงููุง ููุดู ุฎุงู ูุณโฆ https://t.co/CfjakTMTzI,0.0,0.0,Islamic Republic of Iran
Fri Apr 30 15:48:17 +0000 2021,ll_67ll,ุงููููู ู ูู ููู ุงูุฌูุนุฉ ุฃุฑุฒููุง ุญูู ุงูุญูุงุฉ ุ ูุฎูุฑ ุงูุนุทุงุก ูุณุนุฉ ุงูุฑุฒู ุ ูุฑุงุญุฉ ุงูุจุงู ููุจุงุณ ุงูุนุงููุฉ ุ ูุญุณู ุงูุฎุงุชูุฉ ูุงุฑุญูโฆ https://t.co/plC3mEzHxL,0.0,0.0,Abu Dhabi
Fri Apr 30 15:48:17 +0000 2021,Legend7716,@roxinism Yes,0.0,0.0,Islamic Republic of Iran
Fri Apr 30 15:48:22 +0000 2021,bahadorany,@Matin98836578 @Mamareza416 @NaserESP ุจุฑุง ุฏูุณุชููุุุุงูุงู ุฑุดุชู,0.0,0.0,Islamic Republic of Iran
Fri Apr 30 15:48:30 +0000 2021,bibilibo,@aactlikeahuman ุชู ุงุณุชุฌ ุจุง ุงูู ูพุณุฑ ุฑูพุฑู ูพุงุฑุช ุฏุงุดุชู ุงููุฏู ุจุงูุง,0.0,0.0,Islamic Republic of Iran
Fri Apr 30 15:48:30 +0000 2021,Mahsai74,ุขูุฏ ุงููุง ุฏููโค ููุฑุฏู ุจูุฏ,0.0,0.0,Islamic Republic of Iran
Fri Apr 30 15:48:32 +0000 2021,YousufSab,ุดููู ูุงูุง ุงูุชุธุฑ ูุณุคููู ูุฎูุต ูุญุงุถุฑุชู,0.0,0.0,Al Dakhiliyah
Fri Apr 30 15:48:33 +0000 2021,54Ech,ุฃูุช ููุฌูู ูุง ููุงูู .. ุจุงุฑู ุงููู ุจุณุงุนุชู,0.0,0.0,Doha
Fri Apr 30 15:48:36 +0000 2021,msboojari,@sepehrifar @KarimkhanF ฺู ุงูุชุธุงุฑ ุฏุงุฑ ุดูุง ุฎุจุ :))),0.5,1.0,Islamic Republic of Iran
Fri Apr 30 15:48:37 +0000 2021,ll_67ll,ุงูููู ูุง ุชุฏุฎู ุงููุฃุณ ุงูู ูููุจูุง ุููุง ุชุฌุนููุง ูู ุงููุงูุทูู ูู ุฑุญูุชู,0.0,0.0,Abu Dhabi
Fri Apr 30 15:48:45 +0000 2021,majidyadollahz1,@foufooll ุจู ุตุฑู ฺ ุ,0.0,0.0,Islamic Republic of Iran
Fri Apr 30 15:48:46 +0000 2021,Ahmed__AlAmeeri,๐ค https://t.co/nm0ONz8Ohm,0.0,0.0,Burj Khalifa
Fri Apr 30 15:48:46 +0000 2021,hamidreza_main,@ta_eslahgara ูุฏุงุฏุด ุจู ูู ุงู ฺู ฺฉุงุฑู๐,0.0,0.0,ุฌูููุฑ ุงุณูุงู ุงุฑุงู
Fri Apr 30 15:48:48 +0000 2021,Kevinds0uza,@hnshah Hiren you keep posting the same question every week. Please fire your pr person,0.0,0.125,Dubai
Fri Apr 30 15:48:49 +0000 2021,MardomPesare,@myhobout ุจุงุฒู ูุฎูุง ุทูุท ุขูุงุฒ ุฎูู ูุดูู ุฏุฎุชุฑ ูุฑุฏู ุจุฏ ุ๐ฅฒ,0.0,0.0,ุฌูููุฑ ุงุณูุงู ุงุฑุงู
Fri Apr 30 15:48:54 +0000 2021,ll_67ll,ุงูููู ูู ููู ุงูุฌูุนุฉ ูุณุงูู ุงูุงูุงู ูุจุดุฑุฉุ ูููููุงู ุฑุงุญูุฉุ ููููุจุงู ูุทูุฆููโฅ๏ธ.,0.0,0.0,Abu Dhabi
Fri Apr 30 15:48:55 +0000 2021,nxL52ePNB0nb2pU,@abadyqa ุตุญ ูููููู ุตุญ,0.0,0.0,Sharjah
Fri Apr 30 15:49:01 +0000 2021,ll_67ll,ุงูููู ุนุทูุฑ ูุจูุฑ ููุชุงูุง ุจุฑุงุฆุญู ุงูุฌูุฉ ุงูููู ุงุฑุญู ุชููู ุงููููุณ ุงูุทูุจู ูุงุบูุฑ ููู ูุงุฌุนููู ูู ุงูุถุงุญููู ุงููุณุชุจุดุฑูู ุจุงูุฌููโฅ๏ธ.,0.0,0.0,Abu Dhabi
Fri Apr 30 15:49:02 +0000 2021,xvi611,ุงููููุฉ ุทูููุฉ ูุฃูููุง ุญุจ ุฐูุงุชูุงุ ุญุจ ุฐูุงุชูุง ุฃูู ุฎุทูุฉ ููุงุนุชุฑุงู ุจูุงุนููุชูุง ูู ุนุงูู ูุณูุจูุง ุงููุงุนููุฉ.,0.0,0.0,Ajman
Fri Apr 30 15:49:04 +0000 2021,ukashyap1,LiveTV -https://t.co/fQxdV3JyNm,0.0,0.0,
Download the Zee News App now:https://t.co/XVRt9XYCe5,,,0.0,0.0,
#NAME?,Dubai,,0.0,0.0,
Fri Apr 30 15:49:05 +0000 2021,Mohamed60530352,ุฃุฐูุฑููู ุจุฏุนูุฉ ูู ูุฐู ุงูุฃูุงู ุงููุจุงุฑูุงุช  ูุนูู ุฃุณุนุฏ ุจูุง ุทูุงู ุนูุฑู.โค๏ธ,0.0,0.0,ุฃุจูุธุจู
Fri Apr 30 15:49:09 +0000 2021,ll_67ll,ุงูููู ุงุฌุจุฑ ุฎุงุทุฑู ุฌุจุฑูุง ุฃูุช ููููู.. ูุฅูู ูุงูุนุฌุฒู ุดูุฆูุง ูู ุงูุฃุฑุถ ููุง ูู ุงูุณูุงุกุ ุฑุจู ุงุดุฑุญ ุตุฏุฑู ูุฃุฑุญ ููุจู ูุฃุฒุญ ูู ููุจูโฆ https://t.co/OSyJOYHJKU,0.0,0.0,Abu Dhabi
Fri Apr 30 15:49:12 +0000 2021,NasrtullahWisal,@Muhamma76424963 @MusakhilNoor @KamilLala6 @MkJawHer @Yousafadil6 ููุฏุงุณ ุฏููู ูู ุงููุงูู ฺฉูู ุดูุฑุน ฺฉฺ ุฏ ูุฑูุฑุฌุงู ูุงโฆ https://t.co/7HwyJfgYNJ,0.0,0.0,Abu Dhabi
Fri Apr 30 15:49:13 +0000 2021,MardomPesare,@inotherhand ๐คโ,0.0,0.0,ุฌูููุฑ ุงุณูุงู ุงุฑุงู
Fri Apr 30 15:49:15 +0000 2021,bibilibo,@callmehniw ุงุณูุด #ุฑุถุง_ูพูููุงู ุนู ุชู ุงุณุชุฌ ุดุจฺฉู #ูููุชู ุจูุฏ,0.0,0.0,Islamic Republic of Iran
Fri Apr 30 15:49:16 +0000 2021,Jayney_M,Itโs been a while ..... https://t.co/0VaM1GfL02,0.0,0.0,Doha
Fri Apr 30 15:49:17 +0000 2021,ll_67ll,ุงูููู ุญุจุจ ุงูููุง ุงูุงููุงู ูุฒููู ูู ูููุจูุง ููุฑู ุงูููุง ุงูููุฑ ูุงููุณูู ูุงูุนุตูุงูโฅ๏ธ.,0.0,0.0,Abu Dhabi
Fri Apr 30 15:49:22 +0000 2021,MSherif9810,@drahmedelnagga3 @Nadaaa237 โฅ๏ธโฅ๏ธโฅ๏ธโฅ๏ธโฅ๏ธโฅ๏ธโฅ๏ธโฅ๏ธโฅ๏ธ,0.0,0.0,Abu Dhabi
Fri Apr 30 15:49:25 +0000 2021,salemms_,@kittyxbanks pleaaaase ๐ญ๐ญ๐ญ๐ญ,0.0,0.0,Abu Dhabi
Fri Apr 30 15:49:33 +0000 2021,ll_67ll,ุงูููู ูู ููู ุงูุฌูุนุฉ ุจุดุฑูุง ุจูู ุฏุนูุฉ ุชุณูู ูููุจูุง ๐ .,0.0,0.0,Abu Dhabi
Fri Apr 30 15:49:39 +0000 2021,M__itha,Hiding my heart,0.0,0.0,Abu Dhabi
Fri Apr 30 15:49:47 +0000 2021,ll_67ll,ุงููููู ุฅููุง ุซุงูุซ ุฌูุนุฉ ูู ุฑูุถุงู โูุฅุฑุฒููุง ุงููููู ุณุนุงุฏุฉ ุชููุซ ุทูููุงููุชูุณููุง ุฃู ูู ูุชุญูู ุฃูุงูููุง .๐๐ญ,0.0,0.0,Abu Dhabi
Fri Apr 30 15:49:47 +0000 2021,A1aaL3,@ihr3_ ูููู ุญูููู ุจุณ ูุฐู ุชุฏุบุฏุบ ุงูููุจ ูุงูุจุทู ูุงูุฑูุญ ููู ุดู ๐ฅบ๐ https://t.co/gHwtA1Znf3,0.0,0.0,ุงูุฏูุญุฉ
Fri Apr 30 15:49:48 +0000 2021,M_UsamaUsufzaE,@nimmzi Ia dunia me to 4 legs ka he hota hai ๐๐,0.0,0.0,Dubai
Fri Apr 30 15:49:49 +0000 2021,kabugiken,The Undertaker had the energy to move the chair so that The Big Show doesn't fall on it but still playing dead๐,0.0,0.1,Dubai
Fri Apr 30 15:49:50 +0000 2021,fdb24,@lloqn99 @oo_azan ููุด. ๐ฅบ,0.0,0.0,ุงูุธุงูุฑุฉ
Fri Apr 30 15:49:52 +0000 2021,ll_67ll,https://t.co/zhiOhO6OSU,0.0,0.0,Abu Dhabi
Fri Apr 30 15:50:01 +0000 2021,kija_mazeni,@masoumebiigdeli @M_fr_7744 ุงูุง ุฎุณุชู ุจุดู ูุณุชู,0.0,0.0,ุฌูููุฑ ุงุณูุงู ุงุฑุงู
Fri Apr 30 15:50:05 +0000 2021,AtifTTS,ุงุณ ุฏูุฑ ฺฉ ููฺฏูฺบ ฺฉ ูุญุจุชฺบ ููุงูู ฺฉ ุทุฑุญ ฺพูุช ฺพฺบ ุงุฏุง ฺพูฺฏุฆฺบ ุชู ูนฺพฺฉุ ูุฑู ฺฉูู ุณุง ูุฑุถ ุชฺพฺบ,0.0,0.0,Dubai
Fri Apr 30 15:50:07 +0000 2021,ll_67ll,ุฑุจูุง ุขุชูุง ูู ุงูุฏููุง ุญุณูุฉ ู ูู ุงูุงุฎุฑุฉ ุญุณูุฉ ูููุง ุนุฐุงุจ ุงููุงุฑ ๐ค.,0.0,0.0,Abu Dhabi
Fri Apr 30 15:50:13 +0000 2021,davodrad1,@FardadFarahzad @znb_soleimany ๐๐,0.0,0.0,Islamic Republic of Iran
Fri Apr 30 15:50:13 +0000 2021,MrTech02,ูุช ฺฉุฑฺบ ุงุณูนุจูุดูููน ุณ ุจฺพ ูฺ ฺฉุฑ ุฏฺฉฺพ ูฺบุ,0.0,0.0,Abu Dhabi
Fri Apr 30 15:50:16 +0000 2021,NasrtullahWisal,@RahmanG28526809 100%ุขูู ุซูู ุขูู,0.0,0.0,Abu Dhabi
Fri Apr 30 15:50:24 +0000 2021,ll_67ll,ุงูููู ุตูู ูุณูู ุนูู ุณูุฏูุง ูุญูุฏ ูุนูู ุขูู ูุตุญุจุฉ ุฃุฌูุนูู ๐ค,0.0,0.0,Abu Dhabi
Fri Apr 30 15:50:24 +0000 2021,A0ssi,ยููุฃูุชู ุจูููุง ุงูููููู  ุฅูููู ุงูููููู ููุทูููู ุฎูุจููุฑูยุณุงูู ุจูุง ุชุฌูุฏ ุจู ููุณู ูู #ุนุชู_ุฑูุจู_ุฑุงูุงู ููุง ุชุณุชุญูุฑ ุงูููููโฆ https://t.co/1l0iOiWeSZ,0.0,0.0,Kingdom of Saudi Arabia
Fri Apr 30 15:50:25 +0000 2021,majidyadollahz1,@foufooll ๐๐ุจฺฉ ุจุฏู ุญุงูุง ุดูุง,0.0,0.0,Islamic Republic of Iran
Fri Apr 30 15:50:25 +0000 2021,Menhhali,๐๐,0.0,0.0,Abu Dhabi
Fri Apr 30 15:50:28 +0000 2021,Rashid_Alkuwari,@qatnology ููุณ ุงูุฏุนุงูุงุช ุชูุญููู ููุญูู๐,0.0,0.0,Doha
Fri Apr 30 15:50:32 +0000 2021,Mahsai74,@yekiazhamona ุขุฏู ุจุงุฏ ุฎูุฏุด ุบูู ูุงุฑุงุญุช ุฏูุฑ ฺฉูู ุููุช ุจู ุบู ูฺฉุฑ ฺฉู ฑฐฐ ุจุฑุงุจุฑ ุฏูุช ุจุดุชุฑ ูฺฏุฑู ุูุงุณู ุดุงุฏ ุจูุฏูู ุจุงุฏ ูู ุจูุฏ ู ูุจุฎูุฏ ุฒุฏ๐๐ช,0.0,0.0,Islamic Republic of Iran
Fri Apr 30 15:50:34 +0000 2021,zanjmoreh,ูุญุจูุจู ุงฺฏู ุณููพ ุ ุขุด ู ุงุฒ ุงู ุฏุณุช ุบุฐุง ูุงุฑู ุจู ุนููุงู ู ูุนุฏู ฺฉุงูู ูู ุฏูู ูุง ูุทูุง.,0.0,0.0,Islamic Republic of Iran
Fri Apr 30 15:50:43 +0000 2021,shahpourii,@SepehrK23 ูุงูุนุง ูุญุดุฑ ุจูุฏ. ู ุจู ูุธุฑู ุฎู ฺฉู ูุทู ุดุฏู ฺฉูุง ุจู ุงู ุณุฑุงู,0.0,0.0,Islamic Republic of Iran
Fri Apr 30 15:50:48 +0000 2021,newbieee20,@Harey75474476 Tara,0.0,0.0,Dubai
Fri Apr 30 15:50:49 +0000 2021,fdb24,@oo_azan ููุช ูุดูู ุงููุฌูู ุน ุญูููุชูุง๐ฉ,0.0,0.0,ุงูุธุงูุฑุฉ
Fri Apr 30 15:50:54 +0000 2021,wassaj_,@OuyaaneCazalS_ Mdrrrr en mรชme temps y en a que 3 ๐๐ la meilleure pour le pain cโest celle de la parisienne sinon bโฆ https://t.co/Rv2rhYL98z,0.0,0.0,Dubaรฏ
Fri Apr 30 15:50:55 +0000 2021,j__shj,@gfhd09750274 @ItsMe7md @Kuwaity__7r ุงูุญูุฏููู ูุง ูููุฑ ุฎูุฑูู ูููุญูู ุจุฃุณู ุงููููุช ุณูุงุก ูุฏุงุฑุณ ุงู ูุณุชุดููุงุช ูุซุงูู ุดู ูุง ูโฆ https://t.co/Tx78FMAPgE,0.0,0.0,ุฃุจูุธุจู
Fri Apr 30 15:51:04 +0000 2021,iamricoredrendo,Gusto ko ng kare kare ๐ฉ,0.0,0.0,Abu Dhabi
Fri Apr 30 15:51:06 +0000 2021,psrx,@Sue_Only1 @milenialparadox May Her Soul Rest In Peace ๐๐ปHeartfelt Condolence to her family and friends๐๐ป,0.0,0.0,Dubai
Fri Apr 30 15:51:07 +0000 2021,aventus_qp,ูพุงุฏุงุฑ ุชุง ูพุงู ุฏุงุฑ ...@vandocrich@UN1ghtmar3@Sinfti_203@comment_gap@Rya_7hs@Amanj_emw@Leily_khanomโฆ https://t.co/96gEK1hzfm,0.0,0.0,Islamic Republic of Iran
Fri Apr 30 15:51:08 +0000 2021,gayakhit,Just posted a video @ Abu Dhabi United Arab Emirates https://t.co/8Jo2Hd15Y1,0.0,0.0,Abu Dhabi
Fri Apr 30 15:51:11 +0000 2021,mkhaledi91,@Marwa_UAE @STaheri91 ุงูุนุธูุฉ ูุญุชุงุฌุฉ ุนุธูุงุก ูุฃูุง ุดุฎุต ุจุณูุท.,0.0,0.0,Abu Dhabi
Fri Apr 30 15:51:11 +0000 2021,Mahsai74,@yekiazhamona ููููู ฺฉุงุด ุงุฏูุง ุจูููู๐,0.0,0.0,Islamic Republic of Iran
Fri Apr 30 15:51:24 +0000 2021,seyedmohamad_dn,ุณูุงู ุงูููุงุจ ุงูููุงุจ ุจู ุชู ฺุฒ ููุฏูุฏ ุชู ุจุงุฏ ุงูุฑุฏู ุฏุงุดุชู ุจุงุด ููุงูุทูุฑ ฺฉู ูุฑุฏู ุงูููุงุจ ูพุง ฺฉุงุฑ ุงูุฏูุฏ ูุฏุงุฏู ุงุฒูุงู ุชุง ุฌุงู,0.0,0.0,ุฌูููุฑ ุงุณูุงู ุงุฑุงู
Fri Apr 30 15:51:26 +0000 2021,MJalkaabi,ูุณุชุงูููู ุงูุฏุนู ๐ฅ๐ฅ,0.0,0.0,Dubai
Fri Apr 30 15:51:36 +0000 2021,l9ivr,ุจุณูู ุทุฑูู ุฏุจู ูู ูุฒุญููู ุนููููู ุดูููู ุดุงุบู ุงูุฎุทูู,0.0,0.0,Dubai
Fri Apr 30 15:51:45 +0000 2021,sidhu_sialkoti,ฺูุฆ ููุธูุฑ ุตุงุญุจ ุชุณ ุขุฎุฑ ุจุงุฑ ุงูฺฉุด ฺฉุจ ุฌุชุ,0.0,0.0,Sharjah
Fri Apr 30 15:51:50 +0000 2021,Aaaazaaam,ุฏุฑ ุงูฺฉู ูพุณุฑุง ูู ูุชููู ุขุดูพุฒุงุดูู ุฎูุจ ุจุงุดู ุดฺฉ ูุณุช ูู ุฏุงุฏุงุดู ูุงฺฉุงุฑุงู ูพุฎุชู ุงููุฏ ูุงูุงู ูุฑุจูู ุตุฏูุด ุฑูุชูุ ุฌุงูุจุด ุงููโฆ https://t.co/BgaYhg0d08,0.0,0.0,Islamic Republic of Iran
Fri Apr 30 15:51:51 +0000 2021,Ahmed89894402,@BX0gZB6Sh1VXWQ1 ุชุนุงูู,0.0,0.0,ุฏุจู
Fri Apr 30 15:51:54 +0000 2021,l9ivr,ุจุณูู ุทุฑูู ุฏุจู ูู ูุฒุญููู ุนููููู ุดูููู ุดุงุบู ุงูุฎุทูู,0.0,0.0,Dubai
Fri Apr 30 15:51:55 +0000 2021,ll_67ll,ุงุฐูุฑูุง ูุงูุฏููู ุ ู ุงููุฑุถู ุ ูุงูููุชู ุจุฏุนูู .,0.0,0.0,Abu Dhabi
Fri Apr 30 15:52:00 +0000 2021,j__shj,@qjliili @Kuwaity__7r ๐๐๐๐ ููุง ูุงูููู ูุนูุงุชูุง ุจุณ ูุฑุฏุฏูููุง ุฏูู ููุงูุญูู ุจุณุจ ูุชูููุน ุจุงููุนู ูุงููุงุณ ุตูุงู !,0.0,0.0,ุฃุจูุธุจู
Fri Apr 30 15:52:05 +0000 2021,ll_67ll,ุงุฐูุฑููู ุจุฏุนูุฉ ูู ุธูุฑ ุงูุบูุจ ๐.,0.0,0.0,Abu Dhabi
Fri Apr 30 15:52:07 +0000 2021,lf9595,ูู ูุฎูุงุจู ูพุง ูุดู ฺุฑุง ฺฉุฑู ูฺฉูู!!!!,0.0,0.0,Islamic Republic of Iran
Fri Apr 30 15:52:09 +0000 2021,g_d_dave,Blaqbonez new shit fire ๐ฅ,-0.03181818181818183,0.6272727272727273,Dubai
Fri Apr 30 15:52:15 +0000 2021,newbieee20,@rhyansantos10 Meet haha,0.2,0.3,Dubai
Fri Apr 30 15:52:19 +0000 2021,ll_67ll,๏ดฟููุง ูุงู ุฑุจู ูุณูุง๏ดพ ๐.,0.0,0.0,Abu Dhabi
Fri Apr 30 15:52:20 +0000 2021,rania_uae,@WolvesHunter7 @Mohamed80556552 @khalidalfagri @M__albugaily ูููุด ูุณุงุก ูุดูุงุจ ุจูุญุงุฑุจูุง ูู ููุงุชููู ูุฌููุฏ ูุจูู ุจูู ูุชูโฆ https://t.co/25txnIluZd,0.0,0.0,ุนุฌูุงู
Fri Apr 30 15:52:20 +0000 2021,g_d_dave,Runtown came with flames ๐ฅ,0.0,0.0,Dubai
Fri Apr 30 15:52:29 +0000 2021,majidyadollahz1,@foufooll ๐๐,0.0,0.0,Islamic Republic of Iran
Fri Apr 30 15:52:47 +0000 2021,brunogk1_,https://t.co/w0dea8lPmu,0.0,0.0,ุงูุฏูุญุฉ
Fri Apr 30 15:52:49 +0000 2021,HamedAlBalushi_,ูููุจูุง ูููุฆุฉ ุจุฑุณุงุฆู ูู ุชููุชุจููู ููุชุจุช ุุ ูู ุชูุฑุณููุงู ุงุฑุณูุช ุุ ููู ุชุตู โ๐ https://t.co/cqOJLB288s,0.0,0.0,ุงูุงูุงุฑุงุช ุงูุนุฑุจูุฉ ุงููุชุญุฏุฉ
Fri Apr 30 15:52:51 +0000 2021,QatarExpat2021,@mikslmnc @miwoforevs bumubulong na naman ๐,0.0,0.0,Doha
Fri Apr 30 15:52:54 +0000 2021,ll_67ll,ุงูููู ุงุฌุจุฑ ุฎูุงุทุฑูุง ุฌุจุฑุงู ููููู ุจุนุธูุชู,0.0,0.0,Abu Dhabi
Fri Apr 30 15:53:11 +0000 2021,NasrtullahWisal,@ArifullahAfg ุดฺฉุฑ ุงูุฎูุฏุงููู,0.0,0.0,Abu Dhabi
Fri Apr 30 15:53:16 +0000 2021,TheRespectable_,@_zico9 @dyaz70 @RashedAAlZaabi ุจุงูู ุงูููุฑู,0.0,0.0,Dubai
Fri Apr 30 15:53:17 +0000 2021,AbAlhaj1,ุฅุณุชูุฑุงุฑ. ุฃู  ุงุณุชูุชุงุฑ,0.0,0.0,Dubai
Fri Apr 30 15:53:37 +0000 2021,lhashmii,โค๏ธ๐คฃ https://t.co/LWAaRnjQ89,0.0,0.0,Abu Dhabi
Fri Apr 30 15:53:40 +0000 2021,NasrtullahWisal,@shahislam01739 ูุข,0.0,0.0,Abu Dhabi
Fri Apr 30 15:53:42 +0000 2021,lalehm123,@MirrajaieA ฺฏูุฏู ุฌูุน ฺฉูุฏ ุฏูุณุชุงู ูู๐๐๐๐,0.0,0.0,Islamic Republic of Iran
Fri Apr 30 15:53:45 +0000 2021,metalheads_ir,ู ุขู ฺฉุฌุงูุชุฑุง ุจุง ุฑูฺ ูุจุ ูุด ุญุณู ุจุง ูุงูู ุงุดูุฑุฏู ููุงููุฏ ุงูุง ุงู ฺฉุฌุง ู ุขู ฺฉุฌุงุจูุณู ูุง ุฏูุจุฑ ู ููู ู ูุจุงุช ู ุจุง ูููุงโฆ https://t.co/gx9qLGDI2s,0.0,0.0,Islamic Republic of Iran
Fri Apr 30 15:53:57 +0000 2021,mrezagh6,@Shahbeyki1 ุฏููุง...,0.0,0.0,Islamic Republic of Iran
Fri Apr 30 15:53:57 +0000 2021,Kevinds0uza,#StayStrongIndia https://t.co/R3vGDLF6Op,0.0,0.0,Dubai
Fri Apr 30 15:54:01 +0000 2021,OlaEmdin,Fall for me by Laycon is quite nice...,0.6,1.0,Dubai
Fri Apr 30 15:54:01 +0000 2021,metalheads_ir,ฺฺฉูู ุฎุงูู ุดูู ู ฺฺฉูู ุดูุฑ ูุนููุฑุฏู ุงุฒ ฺุฑููุฏ ุงูุง ุงู ฺฉุฌุง ู ุขู ฺฉุฌุงุดฺฉุฑ ูุงุฒูุฏุฑุงู ู ุดฺฉุฑ ููุฏูุณุชุงููุฑุฏู ุดุฑููุฏ ุงูุง ุงูโฆ https://t.co/FyPIV8edOL,0.0,0.0,Islamic Republic of Iran
Fri Apr 30 15:54:02 +0000 2021,MiladPourivahab,@iamtootfarangii ๐๐ปโโ๏ธ,0.0,0.0,Islamic Republic of Iran
Fri Apr 30 15:54:03 +0000 2021,MOHAMMED77X7,@_sall2000 ูุณุงุก ุงููู,0.0,0.0,ุงูุฏุงุฎููุฉ
Fri Apr 30 15:54:16 +0000 2021,khlooff7774_,ุฏูุฑูุง ุจูุฏุฑ ุณูููุชูุง ููู ุจุงุชุฑุณูู ู ูุถูููุง https://t.co/4hHmb1myPj,0.0,0.0,ุฃุจูุธุจู
Fri Apr 30 15:54:21 +0000 2021,a_alyammahi,ุงูุฃุฎุช ุนุงูุดุฉ ูู ุฃุตุญุงุจ ุงูููู  ููุฏุฏุฉ ุจุงูุณุฌู ุจุณุจุจ ูุชุฃุฎุฑุงุช ุฅูุฌุงุฑูุฉ ุจูุจูุบ 127620 ุฏุฑููุณุงูู ุจุงูุชูุฑูุฌ ุนููุง ูู ูุฐุฉ ุงูููุงููโฆ https://t.co/RiYgs4NzHl,0.0,0.0,Fujairah
Fri Apr 30 15:54:38 +0000 2021,MOHAMMED77X7,@1_E1ic ุงููู ููุนู ุนููู ูู ุงูุฏุงุฑูู,0.0,0.0,ุงูุฏุงุฎููุฉ
Fri Apr 30 15:54:39 +0000 2021,m1982valizadeh,@RahmaniM110 @_breeze65 ุฎูุจ ุฏุฑ ูุทูุจ ู ููุดุช ุฏูุณุชุงูู ฺฉู ู ุฎูุงู ุงุฑุชุจุงุท ุจฺฏุฑู ุฏุฑ ฺฉุงููุช ุฑุงู ุงุฑุชุจุงุท ุฑุง ุจฺฏุฏ,0.0,0.0,ุฌูููุฑ ุงุณูุงู ุงุฑุงู
Fri Apr 30 15:54:40 +0000 2021,_MYNON,ูุงุฑุจ ุงุณุนุฏ ูู ุงุณุนุฏูู ุจุฑุญูุชู ูุงููู ๐ค,0.0,0.0,ุงูุงูุงุฑุงุช ุงูุนุฑุจูุฉ ุงููุชุญุฏุฉ
Fri Apr 30 15:54:46 +0000 2021,MiladPourivahab,@fwtmhhh ูฺฏููุงูุช ูุจูุฏ ุขุจุช ูุจูุฏ ุง ูุฑุฏูู ฺฉู ุฌูุงู ุฒุง ููููโุฃุช ุฎ ฺฉุฑุฏ,0.0,0.0,Islamic Republic of Iran
Fri Apr 30 15:54:54 +0000 2021,SefrBi,"ูโุฎูุงุณุชููโูุช ุดุจูู #ูุงุฑฺฏุฑ ฺฉู ุชูู ุขุบูุดูุช ุงุฒ #ูุทู ูโฺฏูุชุจุง ุนฺฉุณู ""ุชู"" ุชูู ููุดุชโูุงุด ...ุชูู ฺุดูโูุงู ูพููุณ ... #ุขูุงูฺฏุงุฑุฏ #avangard",0.0,0.0,Islamic Republic of Iran
Fri Apr 30 15:54:55 +0000 2021,dargahan,Just posted a photo @ ุฌุฒุฑู ูุดู https://t.co/xu4VzcgF5W,0.0,0.0,Islamic Republic of Iran
Fri Apr 30 15:54:58 +0000 2021,MdAftab80604761,@Nidakhan080 Kishe du account number send kijiye โค๏ธ,0.0,0.0,Eastern
Fri Apr 30 15:54:59 +0000 2021,ashir_786,@mishal_here06 ๐ https://t.co/uW73i9XKZb,0.0,0.0,Sharjah
Fri Apr 30 15:55:00 +0000 2021,l8wiir,ุจุณูู ุทุฑูู ุฏุจู ูู ูุฒุญููู ุนููููู ุดูููู ุดุงุบู ุงูุฎุทูู,0.0,0.0,Dubai
Fri Apr 30 15:55:12 +0000 2021,Delara_rm,@Parsaaap ูุงูุง ุงููุง ุงุฒ ูุง ุงุณุชูุงุฏู ูโฺฉูู๐ถ๐ปโโ๏ธ,0.0,0.0,Islamic Republic of Iran
Fri Apr 30 15:55:14 +0000 2021,zuxzadivina_,Am watching again dinner with the fam ep @itsokayemi,0.0,0.0,Dubai
Fri Apr 30 15:55:18 +0000 2021,SahinVaaz,@SkandaStrikes @Devi_Uvacha @krithikasivasw @sansbarrier @SanghiPrince @Arminiusss @jananisampath @Kunthavi5โฆ https://t.co/GTFs9CJWZT,0.0,0.0,Dubai
Fri Apr 30 15:55:20 +0000 2021,Babar_1986,ุฎุฏุง ุฌุงู ุฌุณ ฺฉุง ุนู ุุฌุณุง ุจุงุจุง ฺูุง ฺฏุงุงูู ุชููฺบ ฺฉูุชุณูู ฺฉุณ ูุฏ ูฺฏ..๐ญ#ุดุงุฏุช_ุญุฏุฑ_ฺฉุฑุงุฑุ https://t.co/3QXI9GookZ,0.0,0.0,Sharjah
Fri Apr 30 15:55:21 +0000 2021,asikmohamed,เฎคเฎฎเฎฟเฎดเฎเฎฎเฏ เฎเฎฉเฎฟ เฎเฎฟเฎฑเฎเฏเฎเฏเฎฎเฏ  #mkstalin,0.0,0.0,Ajman
Fri Apr 30 15:55:24 +0000 2021,3looyRak,@gorgeous4ew https://t.co/0L3u9nZ04k,0.0,0.0,ุฑุฃุณ ุงูุฎููุฉ
Fri Apr 30 15:55:26 +0000 2021,majidyadollahz1,@foufooll ูฺ https://t.co/5X0lMXM4sM,0.0,0.0,Islamic Republic of Iran
Fri Apr 30 15:55:32 +0000 2021,mofleh_zivari,@EbiPlus ุจู ุจู ุ ุนุงู โค๏ธ,0.0,0.0,Islamic Republic of Iran
Fri Apr 30 15:55:35 +0000 2021,psrx,@BB_13AYAAN May Allah Bless You and Your Family Ayaan โค๏ธAameen Sum Ameen ๐คฒ๐ป,0.0,0.0,Dubai
Fri Apr 30 15:55:47 +0000 2021,rania_uae,ุงุญูู ุญุงุฌู ููู ูุงุฑูุณ ุจุชูุฒู ุชุชุงุจุน ุงููุดุฑูุนุงุช ุจููุณูู ##ุงูุณูุณู_ุจูุทูุฑ##ูุตุฑ_ุจุชุชูุฏู https://t.co/OBujkoyFeP,0.0,0.0,ุนุฌูุงู
Fri Apr 30 15:55:48 +0000 2021,EkLovya_kaushik,New IndianPpl  just only one numerical digit for Government.Koi to help kroo yrr ๐๐๐๐๐๐๐๐@SonuSood ๐๐๐๐๐๐๐๐๐๐๐๐,0.06818181818181818,0.7272727272727273,Abu Dhabi
Fri Apr 30 15:55:58 +0000 2021,bastaki1976,@alhussainiOS ุชุญุตู ูู ุงูุฑุจุง ุงูุนุฏูุฏ ูู ุงูููุชุฌุงุช ุงูุฏูููุฉ ูุง ุนุฏุง ูู ุงูุฏูู ุงูุนุฑุจูุฉ ููุณ ูู ุงูุณุจุจ ุงููุญูุฏ ุจูุบูุซุ ุจุงููุณุจุฉโฆ https://t.co/StsYpXLlax,0.0,0.0,Dubai
Fri Apr 30 15:56:02 +0000 2021,vinothanaaseeli,@Shankari_offici @Anandh_Offl เฎชเฎฟเฎเฏเฎเฏ เฎฒเฎฏเฎพ เฎเฎฐเฎเฏเฎเฏ เฎฒเฎฏเฎพ,0.0,0.0,Abu Dhabi
Fri Apr 30 15:56:02 +0000 2021,sultan1717,@DubaiPressClub ุงู ุชุทููุฑ ุงู ุงุซุฑุงุก ... ููู ุดุบู ุฏุนุงูุงุช ูุฑูุต ุชููุชูู... ูุง ูู ุงู ูุญุชูู ููุง ุบูุฑู ... ูุนุฑุถ ุงุฒูุงุก ููุถุงูู,0.0,0.0,Fujairah
Fri Apr 30 15:56:18 +0000 2021,HRugenge,L'รฉducation physique et sportive apprend le respect envers soi-mรชme et envers les autres ร travers la discipline quโฆ https://t.co/uXblxZaQ9e,0.0,0.0,Abu Dhabi
Fri Apr 30 15:56:28 +0000 2021,ayza_maj,Endorsement time!!! With my favorite buddy ๐ https://t.co/P9JloZL2af,0.5,1.0,Sharjah
Fri Apr 30 15:56:29 +0000 2021,Na_kro_,@mishal_here06 Sc?,0.0,0.0,Ajman
Fri Apr 30 15:56:52 +0000 2021,shxama7,@khuloodmhmd ูุงุฑุจ ุงุณุชุฑ ุนูููุง๐ญ๐ญ๐ญ๐ญ๐ญ๐ญ๐ญ๐ญ,0.0,0.0,Abu Dhabi
Fri Apr 30 15:57:03 +0000 2021,ashir_786,@AleenaAamir7 ๐,0.0,0.0,Sharjah
Fri Apr 30 15:57:04 +0000 2021,Jayney_M,@Sri2Sree2 No QA ๐ถ๐ฆ,0.0,0.0,Doha
Fri Apr 30 15:57:11 +0000 2021,Delara_rm,@ghazighozatwit ูููุฏุณ ูุนูุงุฑ,0.0,0.0,Islamic Republic of Iran
Fri Apr 30 15:57:19 +0000 2021,BIG_HASS,@sulafamemar7 ุงุฏุงุก ุฎุฑุงูู ู ุงุณุทูุฑู ู ุนุงููู .. ุงุฐุง ูุงู ูู ุงูุณูุงุฑ ูู ุงููุทู ุงูุนุฑุจู ููู ูู ๐บ๐บ๐บ๐บ https://t.co/niAlgzYkZl,0.0,0.0,Dubai
Fri Apr 30 15:57:20 +0000 2021,gambergefc,@RKKKVII Si seulement ils sont au courant de lโexistence du jeรปne de Ramadan,0.0,0.0,Dubaรฏ
Fri Apr 30 15:57:31 +0000 2021,_manalii1,I miss maxie .. i should go upstairs and check on him https://t.co/HDkrvLluL1,0.0,0.0,Ajman
Fri Apr 30 15:57:36 +0000 2021,HRugenge,@BabendaLucien @serge_nkonde C est un projet sur lequel je travail,0.0,0.0,Abu Dhabi
Fri Apr 30 15:57:39 +0000 2021,warm7earted,#ุชุตููุฑู ูู ููุงูุชู ุงูุฌูููู #ููุงูุฉ_ุดูุงุต#ููู_ุงูุฌูุนุฉ #ุณูุฑุฉ_ุงูููู #ุญุณู_ุงูุฏุฑููู #ุฃุฎุฏูุฏ_ุงูุณุญุงุจ_ุงูุซูุงู #ุฃุฎุฏูุฏ_ุงูุฎูุฑโฆ https://t.co/buDI6bygEV,0.0,0.0,ุดูุงุต
Fri Apr 30 15:57:43 +0000 2021,asax_007,#fordmustang #classic โค๏ธ @ Abu Dhabi United Arab Emirates https://t.co/RGbj6cZmHf,0.16666666666666666,0.16666666666666666,Abu Dhabi
Fri Apr 30 15:57:49 +0000 2021,ashir_786,@brown_gurllll https://t.co/yHMihPYwCr,0.0,0.0,Sharjah
Fri Apr 30 15:57:50 +0000 2021,Migi1915,Wow Gulatan nalang talaga sa ganap. Nasa labas me now ๐ญ@SB19Official #SB19#SB19saSaksi,0.1,1.0,Abu Dhabi
Fri Apr 30 15:57:50 +0000 2021,VIJAYSI24307581,เคนเฅเคฆเคฏ เคตเคฟเคฆเคพเคฐเค เคเคเคจเคพ เคฐเคพเคทเฅเคเฅเคฐเคตเคพเคฆเฅ เคชเคคเฅเคฐเคเคพเคฐ เคฐเฅเคนเคฟเคค เคธเคฐเคฆเคพเคจเคพ เคเฅ เคเฅ เคญเคพเคตเคญเฅเคจเฅ เคถเฅเคฐเคฆเฅเคงเคพเคเคเคฒเคฟ เคเคฐเฅเคชเคฟเคค๐๐๐#RIPRohitSardana https://t.co/cmRJfowH3V,0.0,0.0,Abu Dhabi
Fri Apr 30 15:58:07 +0000 2021,bushaqer4,ุฃุณุชุงุฐู ุงูุนุฒูุฒ ูุง ุงูุถุฑุฑ ูู ุฐูู ุทุงููุง ุงูู ูุงูููู ุญู ุงูุชุฑุงูุน ุฃูุงู ุงูุฏููุฉ ูููุจ ุงููุญุงูู ูู ูุณู ูู ุชุตุฑูุญ ุฎุงุต ูุงูุง ุฃูุชูุน ูโฆ https://t.co/b2y8Ib0mrJ,0.0,0.0,ุฏุจู
Fri Apr 30 15:58:08 +0000 2021,HamadaAloraifan,@ialnjadah ูุงุทุฑูููู,0.0,0.0,Dubai
Fri Apr 30 15:58:27 +0000 2021,mojtabach,ุชุฑฺฉุจ ุฌุงู ูฺฉ ู ุชููุง ุฏุฑ ุฎุงูู ุจูุฏุ ุงฺฏู ุฏูุณุช ุฏุงุฑุฏ ุณุฑฺฏุฑู  ุจุดุฏ ู ุฎู ุฏูุจุงู ููุทู ุชู ููู ูุณุชุฏ ุจุจูุฏ. https://t.co/43Ax5ClDUt,0.0,0.0,Islamic Republic of Iran
Fri Apr 30 15:58:28 +0000 2021,Gmeddie1,@MuslimsMatters Masha'Allah,0.0,0.0,Abu Dhabi
Fri Apr 30 15:58:35 +0000 2021,MaryamS3_,@NamahSultan ุขููููู ูุง ููุจู,0.0,0.0,Ras Al Khaimah
Fri Apr 30 15:58:35 +0000 2021,skymierr,What's a girl gotta do to get some flowers? die? c @ Abu Dhabi United Arab Emirates https://t.co/MCQAWYPFnt,0.0,0.0,Abu Dhabi
Fri Apr 30 15:58:37 +0000 2021,ashir_786,@AleenaRao15 Fb,0.0,0.0,Sharjah
Fri Apr 30 15:58:39 +0000 2021,Rashid_Alkuwari,@hn_alneama @VodafoneQatar @OoredooQatar @MOTC_QA ๐,0.0,0.0,Doha
Fri Apr 30 15:58:40 +0000 2021,YaserHaghi,@withFND @ix_shells @creativecodeart ๐๐๐,0.0,0.0,Islamic Republic of Iran
Fri Apr 30 15:58:51 +0000 2021,abedakbari,ุดุฑฺฉุช ูุฑูโุงูุฒุงุฑSAP ุขููุงู ุจุง ุงูุฑุงุฑ ุจู ุงูฺฉู ูุญุตููุงุช ุฑุง ุจู ุดุฑฺฉุชูุง ุงุฑุงู ูุฑูุฎุชูุูุดุช ูููู ูุฑู ุฌุฑูู ุดุฏ.ุทุจู ููุฑุฑุงุชโฆ https://t.co/AVdPbb2aBH,0.0,0.0,ุฌูููุฑ ุงุณูุงู ุงุฑุงู
Fri Apr 30 15:58:52 +0000 2021,ba6ny,@nayef965 @fcbarcelona_ara https://t.co/IVZ19OzOtz,0.0,0.0,Sharjah
Fri Apr 30 15:58:56 +0000 2021,RanaaliJaved2,ุงูุณ ูพ ูุฑุจุงูุ ฺฉ ุฌุณ ู ุชุฑ ุขูุงุฒ ุณูุตุฏู ุงุณ ุขูฺฉฺพ ฺฉุ ุฌุณ ู ุชุฑุง ุฌูู ุฏฺฉฺพุง๏ทบโค,0.0,0.0,Dubai
Fri Apr 30 15:59:00 +0000 2021,Sive_LZ,This niggar never disappoints ๐๐,0.0,0.0,Abu Dhabi
Fri Apr 30 15:59:05 +0000 2021,_AlliaaSK,ุงูุฌุงูุนู ุนูุฏูู ุงู ุนุงุฏู ูุฃุฌููู ูู ุงูุชุญุงู ุงุฐุง ูุงู ุนูุฏู ุซูุงุซู ูู ููุณ ุงูููู ุจุณ ูุง ุจูุฃุฌููู ูู ูุงูู ูุงูุซูุงุซ ุงูุชุญุงูุงุช ู 24 ุณุงุนู,0.0,0.0,ุฃุจูุธุจู
Fri Apr 30 15:59:16 +0000 2021,AmnaHS_,ูุชุชุชุฑุฑุฑุฑ ููุฌูููู โค๏ธโค๏ธโค๏ธโค๏ธโค๏ธโค๏ธ.,0.0,0.0,Fujairah
Fri Apr 30 15:59:16 +0000 2021,majidyadollahz1,@_Faezeh_A ๐,0.0,0.0,Islamic Republic of Iran
Fri Apr 30 15:59:26 +0000 2021,x_sua,ูุณุงุก ุงูุฎูุฑ ๐',0.0,0.0,ุฃุจูุธุจู
Fri Apr 30 15:59:29 +0000 2021,BIG_HASS,@fo2elsoto7 ุงุฎููุง ุญุจูุจู !!! โ๐ผโ๐ผ,0.0,0.0,Dubai
Fri Apr 30 15:59:38 +0000 2021,khaleghvey,ููุง ูู ุฺฏุฐุฑ ุชู ุงุฒ ุขู ุตุญุฑุง ูุงุฏุฑุช ุชุง ุฑุณุฏูุช ุจู ุงู ุงุฎู ุฏุฑูู ุขู ูู ุงุฒ ุงุนูุงู ุฎูุฏุช ุฺฏูุง ุชูุฑุง ุจู ููุฏู ุจุฏู ฺฉุฑุฏู ุงุณโฆ https://t.co/ghvUdPmtRq,0.0,0.0,Islamic Republic of Iran
Fri Apr 30 15:59:39 +0000 2021,teusfaria2,Stay strong. Vai com alma! ๐น https://t.co/VUbgQyIDeh,0.5416666666666666,0.7333333333333333,Dubai
Fri Apr 30 15:59:42 +0000 2021,mhmamun34gmail1,@Md_Saif1999 เงญเงง เฆเฆฟเฆฌเฆฟเฆฐ เฆธเฆฎเงเฆฆเงเฆฐ เฆชเฆคเฆฟเฆคเฆพ-เฆฆเงเฆฐ เฆฎเงเฆเง เฆเฆ เฆเฆฅเฆพ เฆซเงเฆเฆเงเฅคเฆฌเฆพเฆฌเฆพเฆฆเงเฆฐ เฆเฆฅเฆพ เฆถเงเฆจเฆฒเง เฆฎเงเฆเง เฆเงเฆฒเงเฆช เฆเฆเฆเง เฆเฆฐ เฆนเงเฆเงเฆฐ เฆฆเงเฆเฆฒเง เฆคเฆพเฆฆเงเฆฐ เฆฒเฆพเฆฒเฆพ เฆเฆฐเงเฅค,0.0,0.0,Abu Dhabi
Fri Apr 30 15:59:43 +0000 2021,psrx,@Shehnaazloveu @SadSong1 โฅ๏ธโฅ๏ธโฅ๏ธโฅ๏ธโฅ๏ธโฅ๏ธโฅ๏ธโฅ๏ธโฅ๏ธโฅ๏ธโฅ๏ธโฅ๏ธโฅ๏ธโฅ๏ธโฅ๏ธโฅ๏ธโฅ๏ธโฅ๏ธโฅ๏ธโฅ๏ธโฅ๏ธโฅ๏ธโฅ๏ธโฅ๏ธโค๏ธโค๏ธโค๏ธโค๏ธโค๏ธโค๏ธโค๏ธโค๏ธโค๏ธโค๏ธโค๏ธโค๏ธ,0.0,0.0,Dubai
Fri Apr 30 15:59:47 +0000 2021,AbdulMa50443863,@AzkaNoor16 ฺฉูุฆ ุงูุฑ ููฺฉุฑ ูู ุฌุงุฆ ฺฏ ุงู ฺฉุง ฺฉุง ,0.0,0.0,Abu Dhabi
Fri Apr 30 15:59:59 +0000 2021,ZainulBashar20,@Shaista6699 @Rabia_Shah12 Achha Irada hai ๐๐๐๐๐,0.0,0.0,Dubai
Fri Apr 30 16:00:07 +0000 2021,ahmed_elazaiza,๐ค๐ค https://t.co/YMO5uXZfTP,0.0,0.0,Dubai
Fri Apr 30 16:00:18 +0000 2021,iamblonagnes,Happy birthday to an amazing kind lovely gorgeous sweet intelligent courteous humble and 22 year old young lโฆ https://t.co/jEwYHXFTvx,0.44999999999999996,0.7272727272727274,Doha
Fri Apr 30 16:00:25 +0000 2021,iamblonagnes,Many happy returns of the day @KissesDelavin ! #DonKiss | #DonKissFam #KissesDelavin https://t.co/VL0SAaN58q,0.75,0.75,Doha
Fri Apr 30 16:00:25 +0000 2021,Na_kro_,May I rt your Pinned Tweet?,0.0,0.0,Ajman
Fri Apr 30 16:00:28 +0000 2021,Awwriiyyoo,https://t.co/DEPdKRuT8W,0.0,0.0,Islamic Republic of Iran
Fri Apr 30 16:00:37 +0000 2021,MOHAMED92174188,ุงูููู ุงุดู ุนูู ูุง ุฑุจ ุงูุนุงูููู https://t.co/r5yAU4xMOO,0.0,0.0,ุงููุฌูุฑุฉ
Fri Apr 30 16:00:38 +0000 2021,Bilal__Ali2,ุนุธู ุงููู ุญุฒููููุฃูุซุฑ ูู ุนุฒุงุฆูู ูุนุฐุจ ุงููู ููุชูููุงุฏุฎููู ุฌููู ุฎุงูุฏูู ูููุง  ุงูููู ููุง ุฃูุนูุช ุฃุชู ุงูููู ูู ุงูุญูุฏ ุญุชูโฆ https://t.co/n33GbqN3MW,0.0,0.0,ุงูุฏูุญุฉ
Fri Apr 30 16:00:38 +0000 2021,Mohamed80972165,@latifaalkaabi ๐๐๐๐๐๐๐๐๐๐๐๐๐๐๐,0.0,0.0,ุฃุจูุธุจู
Fri Apr 30 16:00:48 +0000 2021,koki_saleem,#casco #Parrot #colorful https://t.co/aHNGTAADBa,0.3,0.4,Doha
Fri Apr 30 16:00:52 +0000 2021,bastaki1976,@Sami22Sami2 ูููุฉ ุงูุตุฑุงุญุฉ,0.0,0.0,Dubai
Fri Apr 30 16:01:00 +0000 2021,MdZubai88439672,@JameelA99391497 Beautiful,0.85,1.0,Abu Dhabi
Fri Apr 30 16:01:01 +0000 2021,yaqoobalattar,@Abualfawarss123 @manieali ููุง ูุจุฏู ุฃู ุงุณุชููุงุฑ ูุงุทูุงู ุงูุญูุซููู ุงูุตูุงุฑูุฎ ุงูููุฎุฎุฉ ุนูู ุงูููููุฉ ..ููุงุฐุง ุชูุธุฑ ูู ูุฐุง ุงูุจูุงุฆูุุ,0.0,0.0,ุนุฌูุงู
Fri Apr 30 16:01:09 +0000 2021,MdZubai88439672,@JameelA99391497 Amazing,0.6000000000000001,0.9,Abu Dhabi
Fri Apr 30 16:01:13 +0000 2021,ilawuae,ูุงููู ูู ุฏูููุฉ - ุงูููุณู ูข - ุงูุญููุฉ ูกูจ - ูุง ุฌุฑููุฉ ุฅูุง ุจูุต - ุงููุญุงูู ุฅุจุฑุงููู ุงูุญูุณููุดุงุฑููุง ุจุชุนูููู ูุทุฑุญ ุฃุณุฆูุชู ูุงุณุชโฆ https://t.co/KnSh9uKoVK,0.0,0.0,Ibrahim AL Hosani Legal Services
Fri Apr 30 16:01:20 +0000 2021,ZainulBashar20,@iSadia0 @Rabia_Shah12 AV tak to aisi koi biscuits Nahi Bani hai es duniya me Jo doob k waps ajaye,0.0,0.0,Dubai
Fri Apr 30 16:01:20 +0000 2021,w5ru,@joe_hattab ุฃูุถู ููุชููุจุฑ ุงูุนุฑุจ ูุงููู โฅ๏ธโฅ๏ธโฅ๏ธ๐๐ป,0.0,0.0,Kingdom of Saudi Arabia
Fri Apr 30 16:01:29 +0000 2021,seeeeeedf,@homoodalkhatri ุดูุฑุง ูู ุงุณุชุงุฐู ๐บ,0.0,0.0,ุงูุจุงุทูุฉ
Fri Apr 30 16:01:34 +0000 2021,rossbrannigan,#cardio #peakzone https://t.co/ayLn0zaaeW,0.0,0.0,Al Maryah Bridge-4
Fri Apr 30 16:01:42 +0000 2021,WalidRiachy,@MMCrypto Opening a position ?,0.0,0.0,Dubai
Fri Apr 30 16:01:43 +0000 2021,AbdulMa50443863,@AzkaNoor16 ุงู ฺฉ ู ุชู  ุจุณุชุงฺบ ุณุฌุงุฆ ฺฏุฆ ฺบ,0.0,0.0,Abu Dhabi
Fri Apr 30 16:01:45 +0000 2021,Rashid_Alkuwari,ุฌูุงูู ูฅ ุฌูุุชุจู ุชุชุตู ููุณ ุชุงูู ุ โุชุจู ุชุชุตู ูุงุชุณุงุจ ููู ููุฏูู ุงู ุตูุชุ โุชุจู ุชุดุบู ูุงูุณ ุจุงุฑุชู ุ โุชุจู ุชุณูู ุจุซ ูุน ุฑุจุนู ูโฆ https://t.co/l3QBm46vNu,0.0,0.0,Doha
Fri Apr 30 16:01:48 +0000 2021,sabt89,ุดุงุบูู   ููุฑู   ุจูุธุฑุงุชููุงูุณุญุฑ ูู ุฎุฒูุช ุนูููู . .,0.0,0.0,Dubai
Fri Apr 30 16:01:52 +0000 2021,ZainulBashar20,@Rabia_Shah12 insha'Allah jarur,0.0,0.0,Dubai
Fri Apr 30 16:01:55 +0000 2021,lalshareef,@Forsan_UAE ุขููู ุซู ุขููู ๐๐ผ๐ฆ๐ชโฅ๏ธ,0.0,0.0,Dubai
Fri Apr 30 16:01:56 +0000 2021,_ridz_18,@MJChartData wish I can join ๐ฉ,0.0,0.0,Dubai
Fri Apr 30 16:01:58 +0000 2021,ashir_786,@AleenaRao15 ๐ฅบ,0.0,0.0,Sharjah
Fri Apr 30 16:01:59 +0000 2021,hajr__alm,ูู ููุงู ูุดููู ุงูุทุฑ ุงูุทุฑ,0.0,0.0,Abu Dhabi
Fri Apr 30 16:02:00 +0000 2021,jen_f6,ุงูุญูุฏููู ๐ค,0.0,0.0,Ajman
Fri Apr 30 16:02:04 +0000 2021,ZainulBashar20,@Rabia_Shah12 Yes,0.0,0.0,Dubai
Fri Apr 30 16:02:04 +0000 2021,M_UsamaUsufzaE,@nimmzi ๐๐๐๐ yeah i know,0.0,0.0,Dubai
Fri Apr 30 16:02:08 +0000 2021,Luluexol10,Iranian EXOL's promis you @mahsaasmilebbh @weareoneEXO @B_hundred_Hyun@layzhang https://t.co/qqqieV5llc,0.0,0.0,ุฌูููุฑ ุงุณูุงู ุงุฑุงู
Fri Apr 30 16:02:13 +0000 2021,albinali_MD,ุจูุง ุงููู ูุทุฑุชูุง ูู ุฑุฒู ุงููู ..ุนูุฏู ููู ุณุคุงู ูุญูุฑููุงูุญูู ููุด ุงููุทุฑู ุงู ุณุงูุฑ ุฃูุฑูุจุง ูุงุฒู ููุฒุง ุ ูุจุนุถ ุงููุงุณ ุจุฏูู ููุฒุง ๐,0.0,0.0,ุงูุฏูุญุฉ
Fri Apr 30 16:02:13 +0000 2021,kareemnavaz,@mkstalin @arivalayam This is how political leaders must take proactive actions to safe guard people's interest. Well done Stalin Ji.,0.25,0.3,Abu Dhabi
Fri Apr 30 16:02:13 +0000 2021,ilawuae,Law in a Minute - Season 2 - Episode 18 - No Crime Without A Scripted Mention - Lawyer Ibrahim Al HosaniShare yoโฆ https://t.co/FzRRcCBvCt,0.0,0.0,Ibrahim AL Hosani Legal Services
Fri Apr 30 16:02:20 +0000 2021,RTOblivion,@chinitohot69 โค๏ธ๐งก๐๐๐๐๐ค,0.0,0.0,Dubai
Fri Apr 30 16:02:21 +0000 2021,marrshii,Banoffee Pie โจ๐ค https://t.co/750WK2TwK2,0.0,0.0,Ajman
Fri Apr 30 16:02:23 +0000 2021,haniisaba,@kanaan216 ๐ฑ๐ง๐ท๐,0.0,0.0,ุฃุจูุธุจู
Fri Apr 30 16:02:34 +0000 2021,ZainulBashar20,@Rabia_Shah12 Ryt apko samajh bahut jaldi agya hai,0.0,0.0,Dubai
Fri Apr 30 16:02:38 +0000 2021,M_UsamaUsufzaE,@ftmysn17 Dn,0.0,0.0,Dubai
Fri Apr 30 16:02:46 +0000 2021,majidyadollahz1,@Maryamiiill ูุจู ุงูฺฉู ุนฺฉุณู ุจุงุฒ ฺฉูู ูฺฉ ฺฉุฑุฏู ฺฉูุง ฺุฒ ุฏฺฏู ุงู ุจุง ุงู ุธุงูุฑ๐ุฎูุฏุช ุจุจู ุนุงุฎู https://t.co/Wak043GCQy,0.0,0.0,Islamic Republic of Iran
Fri Apr 30 16:02:46 +0000 2021,3looyRak,@eisa_alsuwaidi ููุฐุง ูููุ  ูุญุงูู ูููุฐุจ ุนูู ุงููุชุงุจุนูู,0.0,0.0,ุฑุฃุณ ุงูุฎููุฉ
Fri Apr 30 16:02:48 +0000 2021,SelmaGhelichi,Just posted a photo @ ฺฏูุจุฏ ฺฉุงููุณ Gonbad-E Kavous https://t.co/YlR5fvQSIk,0.0,0.0,Islamic Republic of Iran
Fri Apr 30 16:03:00 +0000 2021,kendrickynan5,Satwa area... alam mo na! Whose up?  ๐,0.0,0.0,Dubai
Fri Apr 30 16:03:10 +0000 2021,YousufSab,ุจููุซุฑูุง ุฃููุงุฏ ุงูุญุฑุงู ุนุฌุจ๐,0.0,0.0,Al Dakhiliyah
Fri Apr 30 16:03:10 +0000 2021,MohiyuddinAli,#ุงูุตุงู_ฺฉุง_ูุชู_ุนุงู_ูุงููุธูุฑ,0.0,0.0,Abu Dhabi
Fri Apr 30 16:03:26 +0000 2021,_Zeus_7,@Oladimeji_Edu Even God forgives usWho are you not to???,0.0,0.0,Sharjah
Fri Apr 30 16:03:27 +0000 2021,Amiralisharifii,@rezvan_1001 @Dehghanmedia,0.0,0.0,ุฌูููุฑ ุงุณูุงู ุงุฑุงู
Fri Apr 30 16:03:29 +0000 2021,ashir_786,@AleenaRao15 September โค๏ธโ๐ฅ๐๐ฃ,0.0,0.0,Sharjah
Fri Apr 30 16:03:31 +0000 2021,kingdebo02,@olaoluwa_biodun @harrisonJNIOR @mrinfallible001 I can't laugh bro! This twitter na Cruise,0.375,0.1,Dubai
Fri Apr 30 16:03:32 +0000 2021,ZainulBashar20,@Rabia_Shah12 AV bahut kuchh dekhana Baki hai,0.0,0.0,Dubai
Fri Apr 30 16:03:37 +0000 2021,_lillim,@AwmirY ุฎูุงุตู ฺฉู ูู ุงุตูุง ุงุฒ ุงู ุดุฑุงุท ุฑุงุถ ูุณู ๐๐,0.0,0.0,Islamic Republic of Iran
Fri Apr 30 16:03:46 +0000 2021,arminhamidian,Just posted a video @ Iran https://t.co/86AxpWUCO1,0.0,0.0,Islamic Republic of Iran
Fri Apr 30 16:03:49 +0000 2021,YousefAlmarzoo8,ูุงููู ูุทูุฑ ๐ https://t.co/CrMfj4h8Jg,0.0,0.0,Dubai
Fri Apr 30 16:03:54 +0000 2021,mahmood_alyarbi,ูู ุฃูุซุฑ ุงูููุงุกุงุช ุฅููุงูุงู ูุน ุณูู ุงูุฃููุฑ ูุญูุฏ ุจู ุณููุงู ุฃุนุฌุจูู ุชุทูุนุงุชูุ ูุดูุงููุชูุ ูุฏูุชู ูุณุฑุฏู ุงููุงูุนูุงูุงูุถุงุน ุงูุฑุงููโฆ https://t.co/tgoo4hMvVM,0.0,0.0,Al Batinah
Fri Apr 30 16:04:01 +0000 2021,shividam,@hozheir @kambizhosseini @joinClubhouse ฺฉุงูุจุฒ ู ุงูุชุฎุงุจ ฺฉู ุงุณุญุงููุฌูุงุจ ฺฉู,0.0,0.0,Islamic Republic of Iran
Fri Apr 30 16:04:04 +0000 2021,LovelyM61136926,https://t.co/uyF5qVfUQe,0.0,0.0,Abu Dhabi
Fri Apr 30 16:04:06 +0000 2021,TalebiiPedram,@Mmr__Dev ุงุณูุฌ ูุณุช,0.0,0.0,ุฌูููุฑ ุงุณูุงู ุงุฑุงู
Fri Apr 30 16:04:18 +0000 2021,afshar_korosh,@mi9mino ฺุดู ูุง ฺฉุฑ https://t.co/pIhx7rYNpb,0.0,0.0,Islamic Republic of Iran
Fri Apr 30 16:04:30 +0000 2021,MiladPourivahab,ุฏุฑ ฺฉูุงุฑ ุฑูู ุณ ุณุงููโุฃู ูุฑูุงุฏู ุฏูฺุฑุฎู ุณูุงุฑ ุจุงุญุงู ู ุณุฑุนุช@farhadsj https://t.co/Vuk6Td8RzF,0.0,0.0,Islamic Republic of Iran
Fri Apr 30 16:04:34 +0000 2021,Nasimooon,@B612Leili ุงูุฌุง ููุง ุณุงููู ููุท ุงุจุฑ ุจูุฏ ููุง ุจุฏ ุชูุฑุงู ุฑู ุชุฏุงุน ูโฺฉุฑุฏ.,0.0,0.0,Islamic Republic of Iran
Fri Apr 30 16:04:49 +0000 2021,EkLovya_kaushik,๐Superhero,0.0,0.0,Abu Dhabi
Fri Apr 30 16:04:54 +0000 2021,muraie,@jeandianne28 Hahaha! Come over!,0.3125,0.4,Dubai
Fri Apr 30 16:05:00 +0000 2021,majidyadollahz1,ูุณุท ุงูููู ุฑุงุจุทู ูุง ุฏู ุฑูุฒู ู ุจ ุณุฑู ุชู ฺฉู ุนุดู ูุงูุน ู ุญุงู ุฎูุจ ฺฉู ุจุจูู: https://t.co/ov1PEsTRpz,0.0,0.0,Islamic Republic of Iran
Fri Apr 30 16:05:06 +0000 2021,Thesoni00384439,Congratulations president elect kyagulanyi ssentamu Robert.Welcome back from Duwa you have showed oneness and togeโฆ https://t.co/4aMnaE0yAp,0.4,0.45,Ajman
Fri Apr 30 16:05:09 +0000 2021,TalebiiPedram,@Hosseintudar1 @Mina_rn7 ๐๐,0.0,0.0,ุฌูููุฑ ุงุณูุงู ุงุฑุงู
Fri Apr 30 16:05:10 +0000 2021,xleavemeaIone,@lola43568478 ุฌุฑุจู ุชุดุฑุจู ูููุง ูุจู ุงููุญุต,0.0,0.0,Eastern
Fri Apr 30 16:05:21 +0000 2021,AlkaabihamadS,@x90x444 ุงููู ูุณูู ูููุฑ ููู ุงูููุฑ ูุงูููุด ูุงูุจุฑูู ูุงูุง ุตุงุฑ ุฎูุงุต ุนุดุด ูู ุงูุฑุงุณ!! ุงููู ูุนุฏ ุจุนุฏู ุงุญุชูุงู ุฌุฏูุฏ ุจูุฑุงุทูุณู ููโฆ https://t.co/HaXWiG4ZGV,0.0,0.0,Abu Dhabi
Fri Apr 30 16:05:22 +0000 2021,ShayanBaig5,@espresso__o Ok done๐,0.5,0.5,Abu Dhabi
Fri Apr 30 16:05:33 +0000 2021,imAnoop10,@FCBarcelona Wasted golden opportunity ๐คฆ,0.04999999999999999,0.25,Doha
Fri Apr 30 16:05:45 +0000 2021,Delara_rm,@Alifarhadi1999 :)))) ู ุขุฑ ุงููุฑุชุงู๐ฅ,0.5,1.0,Islamic Republic of Iran
Fri Apr 30 16:05:46 +0000 2021,malkindi99,ุฑุจู ุณุงูุญูู ุงู ุฃูุญูุช ุงูุฃุฐู ุจุฃุญุฏ ๐๐ป,0.0,0.0,ุงูุฏุงุฎููุฉ
Fri Apr 30 16:05:52 +0000 2021,alirudgarian,@itsm7513 ฺูุชุงุดู ุฏุฏู ุงูุฌูุฑ ุจูุฏ,0.0,0.0,Islamic Republic of Iran
Fri Apr 30 16:05:57 +0000 2021,O_Alkaf,@Kuwaity__7r ููุงูู ุงู ุงููููุชู ููู ูุณุงูุฑ ุจุฑุน ูููููู am from dubai ุนุดุงู ูุณูููู ุณุงููู ๐คฃ๐คฃ,0.0,0.0,Ajman
Fri Apr 30 16:05:58 +0000 2021,AlkaabihamadS,@Poet_r_alnaqbi ุญุจูุช ุงุดุงูุณู ุจู ุณููุฏู https://t.co/34Q5mEOiVP,0.0,0.0,Abu Dhabi
Fri Apr 30 16:06:09 +0000 2021,seyedmohamad_dn,@s_reza22_ ุณูุงู ุงูููู ุตู ุนู ูุญูุฏ ูุงู ูุญูุฏ ูุนุฌู ูุฑุฌูู,0.0,0.0,ุฌูููุฑ ุงุณูุงู ุงุฑุงู
Fri Apr 30 16:06:10 +0000 2021,Persian1975,@ViaBTC @cctip_com @2mo6093 @latifiamir5891 @VahidGoudarzi4 ๐คช,0.0,0.0,Islamic Republic of Iran
Fri Apr 30 16:06:21 +0000 2021,Aishaalkhulaifi,@D_A_B_I_A ูุงูุฃุนุฌุจ ุงู ุงููู ูุนุงูู ูุตูุฑูู ูุซููู๐ฅ ุชุญุณูู ุงู ุฃูุงูู ุงูุนูู ุชุตุจุญ ุจุฏูู ูุฑูุกุฉ๐ค ููุฏุงูุนูู ุนู ุงูุจุงุทู โ๏ธ ุนุฌูุฉ ุชุฌุฑ ุจุนุถูุง ุจุนุถุงู ููุณุงุฏ ูุชูุงูุฏ,0.0,0.0,Doha
Fri Apr 30 16:06:22 +0000 2021,Na_kro_,Someone: Tum itne cute kyu ho ..?Me: https://t.co/eF71filhiE,0.5,1.0,Ajman
Fri Apr 30 16:06:27 +0000 2021,omotoshojr,@Eemmy1503 @eezzibillions @SirEdemm Are you normal so he dey play FIFA with DPO right....if hand touch him he will say truth,0.15,0.6499999999999999,Sharjah
Fri Apr 30 16:06:30 +0000 2021,Yoonie_O309,Understood.,0.0,0.0,Dubai
Fri Apr 30 16:06:34 +0000 2021,majidyadollahz1,@_zwhra_ ุญุงูุง ูพููฺฏุง ู ุนุทุณู ุจุฐุงุฑู ฺูุฏ ูุฒุงุฑ ูุงฺฉูฺฏ ูู ูุฎูุฑู,0.0,0.0,Islamic Republic of Iran
Fri Apr 30 16:06:40 +0000 2021,adam_bi_maghz,ุชู ุณุฑุงู #ุงูุฑ ูุดูู ูุฏู ุฒู ุชูุณุฑ ุฎูุฑ ุฒู ุงุฏู ุขู,0.0,0.0,ุฌูููุฑ ุงุณูุงู ุงุฑุงู
Fri Apr 30 16:06:49 +0000 2021,Babar_1986,ุจฺฺพุง ูู ุตูู ูุงุชู ุชู ุงูพู ุขูฺฏู ูฺบ ฺฉ ุจุณ ููนู ูุงูุง  ฺูู ุงููู ุงุจฺพุงุ ฺฉุง#ุดุจ_ุถุฑุจุช_ูููุงุนูุ#ุดุงุฏุช_ุญุฏุฑ_ฺฉุฑุงุฑุ https://t.co/3aWmV76ae5,0.0,0.0,Sharjah
Fri Apr 30 16:06:51 +0000 2021,binunair_66,@Ras_hmi_Tweet Its now open in Gujarat since today. What's the status in Kerala https://t.co/Uc6lzHh4sM,0.0,0.5,Dubai
Fri Apr 30 16:06:52 +0000 2021,juhail_yousef,@A_S_A_Alothman ุงูู ุฌุฐู ูุง ุชูุชุธุฑ ููู ุดู ูุฃูู #ุจุจุบุงุก ููุฑุฏุฏ ูุง ุชุจุฑูุฌ ุนููู ููุท ููุงุฑุงุญ ูุณุชูุนุจ ุงูู ุชูููู#ุงููุชุจุฑูุฌูู_ุนูููุง#ุงูุตุญูููู_ุงูุฌุฏุฏ,0.0,0.0,Dubai
Fri Apr 30 16:06:56 +0000 2021,REDManiacsUAE,@MUSCIRAQ ๐,0.0,0.0,Abu Dhabi
Fri Apr 30 16:07:00 +0000 2021,nassra9707,@kadwi69 ูุฐู ุฑูุญู ุงูุนุธููุฉ ุฃุณุชุงุฐูุง ๐น,0.0,0.0,ุงูุจุฑููู
Fri Apr 30 16:07:00 +0000 2021,Almona91931384,ุฃูุฑูุฌ ุงููู ูุง ุฑุงุนูุฉ ุงููุฑู ูุงูุทูุจ โฅ๏ธ๐นโฅ๏ธ https://t.co/MBlagqp5Mp,0.0,0.0,Sharjah
Fri Apr 30 16:07:04 +0000 2021,AbdullahYounnis,"ุงูุดูุฎ #ุฒุงูุฏ_ุจู_ุณูุทุงู ุขู ูููุงู ""ุทูุจ ุงููู ุซุฑุงู"" ูุฌุญ ูู ุชุญููู ุงูุนูู ุงูุฅูุณุงูู ูู ุฏููุฉ #ุงูุฅูุงุฑุงุช ุฅูู ุฃุณููุจ ุญูุงุฉ ูุณููู ุญุถโฆ https://t.co/kyp7Wklari",0.0,0.0,Abu Dhabi
Fri Apr 30 16:07:07 +0000 2021,majidyadollahz1,@hiwa_76 ๐๐๐ูุงูุง,0.0,0.0,Islamic Republic of Iran
Fri Apr 30 16:07:11 +0000 2021,nassra9707,@chimistry007 @nmaa4070 @Gardensthought ๐น,0.0,0.0,ุงูุจุฑููู
Fri Apr 30 16:07:12 +0000 2021,Mzamilkashmiri,#Be_confident_on_the_inside #and_humble_on_the_outside#then_you_will_learn_to_get #on_with_life_without_conflictโฆ https://t.co/ZmILvTwlkp,0.0,0.0,Dubai
Fri Apr 30 16:07:15 +0000 2021,uaeuae424,ุงููููู ุงุฑุญู ูู ูุงูู ุฃุจุงู ูุดุนุจู ูุจู ุฃู ูููู ูุงุฆุฏุงูุ ุงููููู ุฅู ุงูุดูุฎ  #ุฒุงูุฏ_ุจู_ุณูุทุงูู ุฃูุฑููุง ูู ุงูุงุฑุถ ูุฃูุฑูู ุจุงููุฑุฏูโฆ https://t.co/P5KOqcAp5l,0.0,0.0,ุฃุจูุธุจู
Fri Apr 30 16:07:18 +0000 2021,Babar_1986,ุงูุณูุณ ูุตูู ูพ ูู ุชุฑุง ุจุงุง ๐๐ญ https://t.co/yowQzTgrew,0.0,0.0,Sharjah
Fri Apr 30 16:07:18 +0000 2021,nassra9707,@TxSJMoTfMh3s25o @nmaa4070 @Gardensthought ๐น,0.0,0.0,ุงูุจุฑููู
Fri Apr 30 16:07:21 +0000 2021,psrx,@celebritytadkaa Our Talented Singer Shehnaaz Kaur Gill #ShehnaazGill #Shehnaazians #ShineFam โฅ๏ธโจโค๏ธ,0.7,0.9,Dubai
Fri Apr 30 16:07:29 +0000 2021,avlakow,@davood_villa ุขุฑู ุฏฺฏู ๐ถโโ๏ธ,0.0,0.0,Islamic Republic of Iran
Fri Apr 30 16:07:34 +0000 2021,Nasimooon,@negamara81 ุงุฎุฏุง:)) ูู ูฺฉุฑ ูโฺฉูู ูุงูู ูุง ุนุชูู ุจูุฏู ฺฉู ููุดู ุขุฎุฑ ูููููุง ุจุง ุงูฺฏุดุช ุจุงูุง ูโุขูุฑุฏ ุขุฎุฑุด ุฒุฎู ูุนุฏู ฺฏุฑูโฆ https://t.co/GYNMjnBhzN,0.5,1.0,Islamic Republic of Iran
Fri Apr 30 16:07:38 +0000 2021,Salwa_alzarouni,@5aairr ุงููู ุจุญุตู ูููุณ ูู ูุฑุงุฌ ูุงุฒู ุงุจูุบ,0.0,0.0,Sharjah
Fri Apr 30 16:07:38 +0000 2021,Apurba42095853,Any type of air conditioning repair and maintenance available technician. Call- 31052939 https://t.co/3dre0RGWG5,0.4,0.4,Doha
Fri Apr 30 16:07:46 +0000 2021,majidyadollahz1,@neeggaar ๐ูุฏููู ุจู ฺฉ ูพุดููุงุฏ ุจุฏู ุฒุฑูฺฏู,0.0,0.0,Islamic Republic of Iran
Fri Apr 30 16:07:46 +0000 2021,HUSSns7,@moe_davinci_ ุงูุงุญุชูุงู ูู ุนุฌูุงู,0.0,0.0,Sharjah
Fri Apr 30 16:07:50 +0000 2021,mojtabach,@itsoheyl ุฏุฑ ุญุฏ ุฑุฏ ฺฉุฑุฏู ุบุฑูุจ ุฌูุนู ุงูฺฉโ ุจูุฏ:)),0.5,1.0,Islamic Republic of Iran
Fri Apr 30 16:08:02 +0000 2021,SamWatson__,Easter 2017 with Bessie the Range Rover up near the Nepal-China border high in the Himalayas@LandRover_UKโฆ https://t.co/WnHNLtkOGD,0.13,0.47,Dubai
Fri Apr 30 16:08:04 +0000 2021,shmr80,@Noor5892 ุฃููู ูุงุฑุจ,0.0,0.0,ุงูุดุงุฑูุฉ
Fri Apr 30 16:08:05 +0000 2021,MorseNikka,@jeandianne28 Wala pa ako nakita madam yan pa lang,0.0,0.0,Abu Dhabi
Fri Apr 30 16:08:11 +0000 2021,AnasIbrahim_,๐ https://t.co/2CV4nITbRH,0.0,0.0,Dubai
Fri Apr 30 16:08:11 +0000 2021,MuyiMyghty,Happy Birthday ๐๐๐๐๐ @_thisisbeatrice     You are beautiful,0.825,1.0,Dubai
Fri Apr 30 16:08:13 +0000 2021,2FH7x3eIILfo5EJ,@tfseer34 ุฎูุฑูุง ุจุบูุฑูุง,0.0,0.0,ุฃุจูุธุจู
Fri Apr 30 16:08:20 +0000 2021,HosseinImani74,@Hanieh_Hastam ุขูุง ุจุงูุง ุณุฑุด ๐,0.0,0.0,Islamic Republic of Iran
Fri Apr 30 16:08:23 +0000 2021,ABZalobeidli,@Mistygon_ Ez immortal,0.0,0.0,Abu Dhabi
Fri Apr 30 16:08:24 +0000 2021,Babar_1986,ู ุงฺฉ ฺุฑุงุบ ุจฺพ ฺฉูู ูฺบ ูฺฏุง ุฎุงููุดุฌูุง ุชฺพุง ฺฉุนุจ ูฺบ ุฌู ุญู ฺฉ ุฑูุดู ฺฉ ูุฆ https://t.co/UNRzsNTqZ5,0.0,0.0,Sharjah
Fri Apr 30 16:08:28 +0000 2021,RaminBehrad,Just posted a photo @ Tehran Iran https://t.co/R2wCZhCXx3,0.0,0.0,Islamic Republic of Iran
Fri Apr 30 16:08:29 +0000 2021,MorseNikka,@_rtpf Hahahahahhaha taraaa babae laki unta hahaha charot,0.2,0.4,Abu Dhabi
Fri Apr 30 16:08:34 +0000 2021,alexsoto1274,ูุนููู ููุจู#ุชุญุจุจุจุจ_ุงุงุงูุนููููู_ูุงุนูููู_ุนูุงุงุงุงุงsAN,0.0,0.0,Kingdom of Saudi Arabia
Fri Apr 30 16:08:34 +0000 2021,cammim22,ุงูููููู ููุณุจุบู ุงูุนูุทุงุกูุ ููุณุจูู ุงูุบูุทุงุกูุ ููุนุทู ุงูููุนููุ ุฃุฏูู ููุนูู ุนููููุง ูุงุญูุธูุง ูู ุงูุฒููุงู.#ุชุญุจุจุจุจ_ุงุงุงูุนููููู_ูุงุนูููู_ุนูุงุงุงุงุง0bL,0.0,0.0,Reino de Arabia Saudi
Fri Apr 30 16:08:35 +0000 2021,juanpena_07,ูู ูููุฌ ูููุฌ#ุชุญุจุจุจุจ_ุงุงุงูุนููููู_ูุงุนูููู_ุนูุงุงุงุงุงvb4,0.0,0.0,Reino de Arabia Saudi
Fri Apr 30 16:08:36 +0000 2021,TopRosario,ุงูุญูุฏููู ุงูุฐู ุจูุบูุง ุฑูุถุงู ุญุชู ูุจูุบ ุงูุญูุฏ ููุชูุงูุ#ุชุญุจุจุจุจ_ุงุงุงูุนููููู_ูุงุนูููู_ุนูุงุงุงุงุงGOh,0.0,0.0,Reino de Arabia Saudi
Fri Apr 30 16:08:37 +0000 2021,casetael5pino,ูุญูุงูุง ุทูุจุง#ุชุญุจุจุจุจ_ุงุงุงูุนููููู_ูุงุนูููู_ุนูุงุงุงุงุงNwO,0.0,0.0,Reino de Arabia Saudi
Fri Apr 30 16:08:38 +0000 2021,PipuAndLala,ุฃุฏูุจุฉ: ุธุฑููุฉ ูุงุชุจุฉ ุงููุชุนููุฉ ุงูููุฐุจุฉ ุงูุฃุฏูุจุฉ#ุชุญุจุจุจุจ_ุงุงุงูุนููููู_ูุงุนูููู_ุนูุงุงุงุงุงHM7,0.0,0.0,Reino de Arabia Saudi
Fri Apr 30 16:08:39 +0000 2021,majidyadollahz1,@curlymoana_ https://t.co/yzyPZBhmYX,0.0,0.0,Islamic Republic of Iran
Fri Apr 30 16:08:39 +0000 2021,yackiepr28,ุบูุงุซ : ุงูููุฌุฏ ุงููุบูุซ#ุชุญุจุจุจุจ_ุงุงุงูุนููููู_ูุงุนูููู_ุนูุงุงุงุงุงwDG,0.0,0.0,Reino de Arabia Saudi
Fri Apr 30 16:08:40 +0000 2021,Nairdlr,ูุงุฌุนู ูุจูุฑูู  ุฑูุถ ูู ุฑูุงุถ ุงูุฌูู#ุชุญุจุจุจุจ_ุงุงุงูุนููููู_ูุงุนูููู_ุนูุงุงุงุงุงO1g,0.0,0.0,Reino de Arabia Saudi
Fri Apr 30 16:08:41 +0000 2021,lobosbeis,ูุนู ุญููุฉ ุงููู ูุฏูุฑุช ูู ุงูุชุนุซุฑ.. ูุชุฎุชุงุฑ ุทุฑูููุง ุขุฎุฑ ุฎูุจุฆุช ููู ุณุนุงุฏุชู#ุชุญุจุจุจุจ_ุงุงุงูุนููููู_ูุงุนูููู_ุนูุงุงุงุงุงwFO,0.0,0.0,Reino de Arabia Saudi
Fri Apr 30 16:08:42 +0000 2021,franklin_o21,ูุงุณุชุฌุงุจุฉ ููุฏุนูุงุช#ุชุญุจุจุจุจ_ุงุงุงูุนููููู_ูุงุนูููู_ุนูุงุงุงุงุงVfI,0.0,0.0,Reino de Arabia Saudi
Fri Apr 30 16:08:43 +0000 2021,TabEnter09,ูู ูุฃุฎุฐ ูููุข ุฅูุข ูููุนุทููุข#ุชุญุจุจุจุจ_ุงุงุงูุนููููู_ูุงุนูููู_ุนูุงุงุงุงุงqyE,0.0,0.0,Reino de Arabia Saudi
Fri Apr 30 16:08:44 +0000 2021,MystikMalik,ุจุงู: ููุน ูู ุฃููุงุน ุงููุจุงุชุงุช ุฐุงุช ุงูุฒูุฑ ุงูุฃุจูุถ ูุงูุฑุงุฆุญุฉ ุงูุฒูููุฉ.#ุชุญุจุจุจุจ_ุงุงุงูุนููููู_ูุงุนูููู_ุนูุงุงุงุงุงiwP,0.0,0.0,Kingdom of Saudi Arabia
Fri Apr 30 16:08:44 +0000 2021,shxama7,@fatmakhaliid @khuloodmhmd ุฌุงุช ุฌุงุช,0.0,0.0,Abu Dhabi
Fri Apr 30 16:08:45 +0000 2021,yukom28,ุงูุจุงุนุซ: ุจุงุนุซ ุงูุฑุณู ุฅูู ุงููุงุณ ูุจุงุนุซ ุงูููุชู ูู ุงููุจูุฑ ูุจุงุนุซ ุงูุญูุงุฉ ูููุง#ุชุญุจุจุจุจ_ุงุงุงูุนููููู_ูุงุนูููู_ุนูุงุงุงุงุงgBw,0.0,0.0,Reino de Arabia Saudi
Fri Apr 30 16:08:46 +0000 2021,alefigrod,ููุณุงูุง ุฐุงูุฑุง#ุชุญุจุจุจุจ_ุงุงุงูุนููููู_ูุงุนูููู_ุนูุงุงุงุงุงyt4,0.0,0.0,Reino de Arabia Saudi
Fri Apr 30 16:08:47 +0000 2021,wayne_wealth,Even with your small accounts  you can join our #100pipsADay daily target ๐ฏ and make at least 100$ daily  500$ weโฆ https://t.co/wDVjEhJZ5S,-0.1375,0.2,Dubai
Fri Apr 30 16:08:47 +0000 2021,DenilLeonel,ูุณูู : ุญุณู ุงูุดูู#ุชุญุจุจุจุจ_ุงุงุงูุนููููู_ูุงุนูููู_ุนูุงุงุงุงุงgLw,0.0,0.0,Reino de Arabia Saudi
Fri Apr 30 16:08:48 +0000 2021,michii_lautner,๏ปญ๏บ๏ปฅ ๏บ๏ป๏ปค๏ป ๏บป๏บ๏ป๏บค๏บ ๏บ๏บฎ๏บฟ๏บ๏ปฉ#ุชุญุจุจุจุจ_ุงุงุงูุนููููู_ูุงุนูููู_ุนูุงุงุงุงุง39b,0.0,0.0,Reino de Arabia Saudi
Fri Apr 30 16:08:49 +0000 2021,ARACELYS_APONTE,ูุงู: ูููููู ุฃูุทูุงุจู ุงููููุงููุ ู ุฃูุทูุนููู ุงูุทููุนูุงูู ุ#ุชุญุจุจุจุจ_ุงุงุงูุนููููู_ูุงุนูููู_ุนูุงุงุงุงุง96p,0.0,0.0,Reino de Arabia Saudi
Fri Apr 30 16:08:50 +0000 2021,ernestopc1234,ุฑุงูุณู: ุงุณู ุบุฒุงูุ ูููุงู ุงุณู ููุฑ ุฃูุถุงู.#ุชุญุจุจุจุจ_ุงุงุงูุนููููู_ูุงุนูููู_ุนูุงุงุงุงุง15p,0.0,0.0,Reino de Arabia Saudi
Fri Apr 30 16:08:51 +0000 2021,rcedelo,ุจุตูุงุฉ ุงูุถุญู#ุชุญุจุจุจุจ_ุงุงุงูุนููููู_ูุงุนูููู_ุนูุงุงุงุงุงNlA,0.0,0.0,Reino de Arabia Saudi
Fri Apr 30 16:08:52 +0000 2021,SUPERMIXTERIO,ููุณ ุจูู ุขูุงุช ุงูููุณ ูุงูู ุฃุดุฏ ูู ุงูุญุณุฏ ..#ุชุญุจุจุจุจ_ุงุงุงูุนููููู_ูุงุนูููู_ุนูุงุงุงุงุงsHl,0.0,0.0,Reino de Arabia Saudi
Fri Apr 30 16:08:53 +0000 2021,ariesalex159,ูุงูุชุญููุฒ#ุชุญุจุจุจุจ_ุงุงุงูุนููููู_ูุงุนูููู_ุนูุงุงุงุงุงTjW,0.0,0.0,Reino de Arabia Saudi
Fri Apr 30 16:08:54 +0000 2021,HWHSharry_1994,ุจุดุงุฑ : ูุซูุฑ ุงูุณุฑูุฑ ุทูู ุงููุฌู ุงูุจุดูุด#ุชุญุจุจุจุจ_ุงุงุงูุนููููู_ูุงุนูููู_ุนูุงุงุงุงุงN8E,0.0,0.0,ุงูููููุฉ ุงูุนุฑุจูุฉ ุงูุณุนูุฏูุฉ
Fri Apr 30 16:08:55 +0000 2021,lomaspervertido,ุงูููู ุงุฌุนู ูุฐุง ุงูุตุจุงุญ ุชูุฑูุฌุงู ููู ูู ูุชุญูููุงู ูฺฏู ุฃูู ูุฃุณุชุฌุงุจุฉ ููู ุฏุนูุฉ ูุฑุญูุฉ ูฺฏู ููุช ูุดูุงุก ููู ูุฑููุถ#ุชุญุจุจุจุจ_ุงุงุงูุนููููู_ูุงุนูููู_ุนูุงุงุงุงุงlGC,0.0,0.0,Reino de Arabia Saudi
Fri Apr 30 16:08:56 +0000 2021,danymoca92,ุงูููููู ุฃูุชู ุญุณุจู ุญูู ุชุถูู ุจู ุงูุญูุงุฉ#ุชุญุจุจุจุจ_ุงุงุงูุนููููู_ูุงุนูููู_ุนูุงุงุงุงุงq2v,0.0,0.0,Reino de Arabia Saudi
Fri Apr 30 16:08:57 +0000 2021,saritabp24,ุงูุดููุฏ: ุงูุนุงูู ุจูู ูุฎููู#ุชุญุจุจุจุจ_ุงุงุงูุนููููู_ูุงุนูููู_ุนูุงุงุงุงุงWo5,0.0,0.0,Reino de Arabia Saudi
Fri Apr 30 16:08:58 +0000 2021,ciesann,ููุฏ : ุงุณู ูู ุงูุณูู#ุชุญุจุจุจุจ_ุงุงุงูุนููููู_ูุงุนูููู_ุนูุงุงุงุงุงnIj,0.0,0.0,Reino de Arabia Saudi
Fri Apr 30 16:08:59 +0000 2021,HVACinstock,ุฅูุง ููุฏ ุนููุช#ุชุญุจุจุจุจ_ุงุงุงูุนููููู_ูุงุนูููู_ุนูุงุงุงุงุง0Sk,0.0,0.0,Kingdom of Saudi Arabia
Fri Apr 30 16:09:00 +0000 2021,ElectILDems,ูุงููุตุงุฏูุฉ#ุชุญุจุจุจุจ_ุงุงุงูุนููููู_ูุงุนูููู_ุนูุงุงุงุงุงdJ9,0.0,0.0,Kingdom of Saudi Arabia
Fri Apr 30 16:09:01 +0000 2021,vanearali,ุงููุทูู: ุงูุนุงูู ุจุฎูุงูุง ุงูุฃููุฑ ูุฏูุงุฆููุง ุงูุจุฑ ุจุนุจุงุฏู ุงููุญุณู ุฅูููู#ุชุญุจุจุจุจ_ุงุงุงูุนููููู_ูุงุนูููู_ุนูุงุงุงุงุงPaD,0.0,0.0,Reino de Arabia Saudi
Fri Apr 30 16:09:02 +0000 2021,albaniadani,ูุงุณุชุฌุงุจุฉ ููุฏุนูุงุช#ุชุญุจุจุจุจ_ุงุงุงูุนููููู_ูุงุนูููู_ุนูุงุงุงุงุงykZ,0.0,0.0,Kingdom of Saudi Arabia
Fri Apr 30 16:09:03 +0000 2021,modaymodo,ุงุธู : ุณุงูุช#ุชุญุจุจุจุจ_ุงุงุงูุนููููู_ูุงุนูููู_ุนูุงุงุงุงุงK56,0.0,0.0,Kingdom of Saudi Arabia
Fri Apr 30 16:09:03 +0000 2021,Babar_1986,"๏ปญ๏ฎฆ ๏บ๏บฒ ๏ฎ๏ปฎ ๏บฉ๏ฏพ๏ฎ๏ฎญ๏ปจ๏บ ๏บ๏ฎญ๏ฏฝ ๏ป๏บ๏บ๏บฉ๏บ ๏ฎ๏ฎฉ๏บ ๏ฎ๏ฏฟ๏บุ๏ฎ๏ปญ๏บ๏บ ๏ฎจ๏ปฎ๏บ ๏ฎจ๏ฎฏ ๏บง๏ปฎ๏ปฅ ๏ปฃ๏ฏฟ๏ฎ ๏ปญ๏ฎฆ ๏ญผ๏ฎฉ๏บฎ๏ฎฆ ๏บ๏ปฃ๏บ๏ปกุ ๏ฎ๏บู ""ุณููููู ููุจูู ุงูู ุชููููุฏููู"" ฺฉ ุตุฏุงุคฺบ ุณโฆ https://t.co/SsqOtkUjxs",0.0,0.0,Sharjah
Fri Apr 30 16:09:04 +0000 2021,Espinozapaz_gto,ูุงูุง: ูู ุงูููู.#ุชุญุจุจุจุจ_ุงุงุงูุนููููู_ูุงุนูููู_ุนูุงุงุงุงุงSYn,0.0,0.0,Reino de Arabia Saudi
Fri Apr 30 16:09:05 +0000 2021,mcdobangerz16,"ูุงู ุนููู ุงูุตูุงุฉ ูุงูุณูุงู:""ุฅูููู ูู ุงูุฌูุฉู ุบูุฑูููุง ููุฑู ุธูุงููุฑููุง ูู ุจุงุทููููุง ุ ู ุจุงุทููููุง ูู ุธูุงููุฑููุง.โฆ https://t.co/nsKdeju7FO",0.0,0.0,Reino da Arรกbia Saudita
Fri Apr 30 16:09:06 +0000 2021,jameswilkin123,ูู ุนุฐุฑุจ ุงูุนุงูู ูููุง ุจู ุนุฐุงุฑูุจ#ุชุญุจุจุจุจ_ุงุงุงูุนููููู_ูุงุนูููู_ุนูุงุงุงุงุง7p9,0.0,0.0,Kingdom of Saudi Arabia
Fri Apr 30 16:09:07 +0000 2021,valerod_222,ููุงุงุงุงุงุงู ุงูููููููุฑ ุจูุณุงุงุงุฏุชู#ุชุญุจุจุจุจ_ุงุงุงูุนููููู_ูุงุนูููู_ุนูุงุงุงุงุงzOu,0.0,0.0,Reino de Arabia Saudi
Fri Apr 30 16:09:07 +0000 2021,shmr80,@motazelshamy ูุงุฑุชูุฑูู ุฃุณูุฃ ูุงุฌุจู ูุฏุฑุจ ุฏุฑุจ ุงูุฒูุงูู,0.0,0.0,ุงูุดุงุฑูุฉ
Fri Apr 30 16:09:07 +0000 2021,hsmoghaddasi,@nargesbabaeiiii ูู ูุงุฎุฑ ูุณุชู ุงูู ูููุน ุฌููู ุจูุฏู ุงูุฑฺ ุฏุงุดุชู ูุดุณุชู ุฏูุจุงุฑ ูุฑููฺฏ ูุบุช ุนูุฏ ุฑู ุฎููุฏู ูฺฉ ฺฉูู ุงููุฌุง ุฏุฏู ๐,0.0,0.0,ุฌูููุฑ ุงุณูุงู ุงุฑุงู
Fri Apr 30 16:09:08 +0000 2021,IsabelaBreto,ุงูููู ุฃุบูุฑ ูููุชูุง ูุงุฑุญููู#ุชุญุจุจุจุจ_ุงุงุงูุนููููู_ูุงุนูููู_ุนูุงุงุงุงุงyF5,0.0,0.0,Reino de Arabia Saudi
Fri Apr 30 16:09:09 +0000 2021,AriFakes,ููุจูู ุงูุฃุนูุงู#ุชุญุจุจุจุจ_ุงุงุงูุนููููู_ูุงุนูููู_ุนูุงุงุงุงุงHyD,0.0,0.0,Reino da Arรกbia Saudita
Fri Apr 30 16:09:10 +0000 2021,proverbiodeldia,ุงูุนูู: ููุญู ุณูุฆุงุช ูู ูุณุชุบูุฑู#ุชุญุจุจุจุจ_ุงุงุงูุนููููู_ูุงุนูููู_ุนูุงุงุงุงุง0xr,0.0,0.0,Reino de Arabia Saudi
Fri Apr 30 16:09:11 +0000 2021,emilcederre,ุฃููุฑุฉ : ูุนูุงู ุญุงููุฉ ูู ุฃุณุฑุฉ ุญุงููุฉ ุณูุฏุฉ ุจูุช ููู#ุชุญุจุจุจุจ_ุงุงุงูุนููููู_ูุงุนูููู_ุนูุงุงุงุงุงz63,0.0,0.0,Kingdom of Saudi Arabia
Fri Apr 30 16:09:12 +0000 2021,nathyc2_,ูุฌูู: ูุนูุงู ุงููุถูุฉุ#ุชุญุจุจุจุจ_ุงุงุงูุนููููู_ูุงุนูููู_ุนูุงุงุงุงุงcS4,0.0,0.0,Reino da Arรกbia Saudita
Fri Apr 30 16:09:12 +0000 2021,FilmsAficionado,@Film4 https://t.co/2Ixltwy5f0,0.0,0.0,Abu Dhabi
Fri Apr 30 16:09:13 +0000 2021,YannBenavente,ุงูููููู ุขูุณู ูู ูุญุดุชู ูุงุบูุฑ ูู ุฒููุชู ุงูููููู ุงูุฒูู ููุฒูุงู ูุจุงุฑูุง ูุงูุช ุฎูุฑ ุงูููุฒููู#ุชุญุจุจุจุจ_ุงุงุงูุนููููู_ูุงุนูููู_ุนูุงุงุงุงุงj2c,0.0,0.0,Kingdom of Saudi Arabia
Fri Apr 30 16:09:14 +0000 2021,ferfranco210,ูููู ุซูุงูุชูุง ุชุฎุชูู#ุชุญุจุจุจุจ_ุงุงุงูุนููููู_ูุงุนูููู_ุนูุงุงุงุงุงZIS,0.0,0.0,Reino de Arabia Saudi
Fri Apr 30 16:09:15 +0000 2021,Salwa_alzarouni,ุงููู ููุจุฑ ุจุนููููู ูุง ุงูุงูุนุฉ,0.0,0.0,Sharjah
Fri Apr 30 16:09:15 +0000 2021,calafell85,ูุชุญูู ุงูููุฑุฉ ุฏุงุฎู ุฐูู ุงูููุชููู ุฅูู ุญูููุฉ ูุงูุนุฉ#ุชุญุจุจุจุจ_ุงุงุงูุนููููู_ูุงุนูููู_ุนูุงุงุงุงุงWhb,0.0,0.0,Reino de Arabia Saudi
Fri Apr 30 16:09:15 +0000 2021,majidyadollahz1,@curlymoana_ ๐โฆโฅ๏ธโฉ,0.0,0.0,Islamic Republic of Iran
Fri Apr 30 16:09:16 +0000 2021,SofiaMaeline,ุฃุณุฃู ุงููู ููุง ูููู  ูุจููุงู ููุทุงุนุงุช#ุชุญุจุจุจุจ_ุงุงุงูุนููููู_ูุงุนูููู_ุนูุงุงุงุงุงkPv,0.0,0.0,Reino de Arabia Saudi
Fri Apr 30 16:09:17 +0000 2021,FranWI6,ุฑุจู ูู ุนุจุงุฏ ููุชุธุฑูู ูุฑุฌูุง ูุจุดุฑูู ุ#ุชุญุจุจุจุจ_ุงุงุงูุนููููู_ูุงุนูููู_ุนูุงุงุงุงุงtw5,0.0,0.0,Reino de Arabia Saudi
Fri Apr 30 16:09:18 +0000 2021,angelbastri,ูุง ููุญูู ุงูุนุธุงู ููู ุฑููู ุฃุญูู ุงูุนุงููุฉ ูู ุฌุณุฏ ูู ูุฑูุถ ุ ุงูููู ุงุดูู ูู ูู ุทุงู ุจูุงุฆู ูุชุนุณูุฑ ุดูุงุคู ููู ุนููู ูููู ุ ูุง ุฅโฆ https://t.co/b0Y72g5EpC,0.0,0.0,Reino de Arabia Saudi
Fri Apr 30 16:09:19 +0000 2021,VUELO_904,ุฃุณูุงุก ุจูุงุช ุฌุฏูุฏุฉ 2021#ุชุญุจุจุจุจ_ุงุงุงูุนููููู_ูุงุนูููู_ุนูุงุงุงุงุงH3f,0.0,0.0,Reino de Arabia Saudi
Fri Apr 30 16:09:20 +0000 2021,jerryshining,ูุดุฑุญูุง ุตุฏูุฑูุง#ุชุญุจุจุจุจ_ุงุงุงูุนููููู_ูุงุนูููู_ุนูุงุงุงุงุง7EG,0.0,0.0,Kingdom of Saudi Arabia
Fri Apr 30 16:09:21 +0000 2021,misellpolanco,ูุฃุณุชุฑ ุนูุฑุงุชูุงุ#ุชุญุจุจุจุจ_ุงุงุงูุนููููู_ูุงุนูููู_ุนูุงุงุงุงุง1ii,0.0,0.0,Reino de Arabia Saudi
Fri Apr 30 16:09:22 +0000 2021,soph12yh,ุบุณุงู : ูุงุถุฑ ุงูุดุจุงุจ#ุชุญุจุจุจุจ_ุงุงุงูุนููููู_ูุงุนูููู_ุนูุงุงุงุงุง7hL,0.0,0.0,Kingdom of Saudi Arabia
Fri Apr 30 16:09:23 +0000 2021,Eli84L,ูููุจุง ุฎุงุดุนุง#ุชุญุจุจุจุจ_ุงุงุงูุนููููู_ูุงุนูููู_ุนูุงุงุงุงุงVNy,0.0,0.0,Reino de Arabia Saudi
Fri Apr 30 16:09:23 +0000 2021,SSForRace,@mohd_kawthar @Hayataholica @Salwa_alzarouni ูุฐุง ๐ https://t.co/TzY7O6Zsd2,0.0,0.0,Dubai
Fri Apr 30 16:09:24 +0000 2021,Pedro_142857,ููุฌููุน ูู ูุทุงุน ุตูุงุนู#ุชุญุจุจุจุจ_ุงุงุงูุนููููู_ูุงุนูููู_ุนูุงุงุงุงุงxkk,0.0,0.0,Reino de Arabia Saudi
Fri Apr 30 16:09:25 +0000 2021,BeBezithop3,ุงูููู ุฃุณุนุฏ ูููุจูู ู ููุฑ ุฏุฑูุจูู ู ูุณุฑ ุฃููุฑูู ู ุงุดุฑุญ ุตุฏูุฑูู ู ุงุฌุนู ููู ูู ูู ุฎุทูุฉ ูุฑุฌุงู#ุชุญุจุจุจุจ_ุงุงุงูุนููููู_ูุงุนูููู_ุนูุงุงุงุงุงzwL,0.0,0.0,Reino de Arabia Saudi
Fri Apr 30 16:09:26 +0000 2021,omidshl1994,@hairyguy20 ูฺุด ูุนููู ูุณุช ฺฉู๐,0.0,0.0,Islamic Republic of Iran
Fri Apr 30 16:09:26 +0000 2021,jdavid6894,ููุงูุช ุงูููุงุฌุฃุฉ ูู ุงูุชุทุงุจู#ุชุญุจุจุจุจ_ุงุงุงูุนููููู_ูุงุนูููู_ุนูุงุงุงุงุงMHn,0.0,0.0,Reino de Arabia Saudi
Fri Apr 30 16:09:27 +0000 2021,suesjoeykidney,ุนูู ูุทุน ุงูุชูุงุญุฉ ุจูุฐู ุงูุทุฑููุฉ#ุชุญุจุจุจุจ_ุงุงุงูุนููููู_ูุงุนูููู_ุนูุงุงุงุงุงRYX,0.0,0.0,ุงูููููุฉ ุงูุนุฑุจูุฉ ุงูุณุนูุฏูุฉ
Fri Apr 30 16:09:28 +0000 2021,isis_betzadai,ู ุจู ูุทูุจ ุงูุฐูุฑ ู ุงูุตููุงุช#ุชุญุจุจุจุจ_ุงุงุงูุนููููู_ูุงุนูููู_ุนูุงุงุงุงุงHzU,0.0,0.0,Reino de Arabia Saudi
Fri Apr 30 16:09:29 +0000 2021,KeilaJoyeria,ุงูุนุธูู: ุงูุจุงูุบ ุฃูุตู ูุฑุงุชุจ ุงูุนุธูุฉ ูุงูุฌูุงู ูุงูููุงู#ุชุญุจุจุจุจ_ุงุงุงูุนููููู_ูุงุนูููู_ุนูุงุงุงุงุงraV,0.0,0.0,Reino de Arabia Saudi
Fri Apr 30 16:09:31 +0000 2021,tinidelight,ุงูุฐู ูุง ูุนููู ุฃุญุฏ ุบูุฑู ูู ุณุฑ#ุชุญุจุจุจุจ_ุงุงุงูุนููููู_ูุงุนูููู_ุนูุงุงุงุงุง77f,0.0,0.0,Kingdom of Saudi Arabia
Fri Apr 30 16:09:32 +0000 2021,Tpnetro01,(ููุงุฎูููุถู ููููููุง ุฌูููุงุญู ุงูุฐููููู ูููู ุงูุฑููุญูููุฉู)#ุชุญุจุจุจุจ_ุงุงุงูุนููููู_ูุงุนูููู_ุนูุงุงุงุงุง8Wr,0.0,0.0,Kingdom of Saudi Arabia
Fri Apr 30 16:09:32 +0000 2021,psrx,@JagbaniOnline Shehnaaz Kaur Gill #ShehnaazGill #Shehnaazians #ShineFam โฅ๏ธโจโค๏ธ,0.0,0.0,Dubai
Fri Apr 30 16:09:33 +0000 2021,Lau_9605,ุฑุจู ูู ุนุจุงุฏ ููุชุธุฑูู ูุฑุฌูุง ูุจุดุฑูู ุ#ุชุญุจุจุจุจ_ุงุงุงูุนููููู_ูุงุนูููู_ุนูุงุงุงุงุงkvM,0.0,0.0,Reino de Arabia Saudi
Fri Apr 30 16:09:34 +0000 2021,movilppj,ูู ุงูุฅุจุฏุงุน ุงูููุฑู ุงูุชูุธููู#ุชุญุจุจุจุจ_ุงุงุงูุนููููู_ูุงุนูููู_ุนูุงุงุงุงุงE6S,0.0,0.0,Reino de Arabia Saudi
Fri Apr 30 16:09:35 +0000 2021,guarura03,(ููุงุฎูููุถู ููููููุง ุฌูููุงุญู ุงูุฐููููู ูููู ุงูุฑููุญูููุฉู)#ุชุญุจุจุจุจ_ุงุงุงูุนููููู_ูุงุนูููู_ุนูุงุงุงุงุงIqh,0.0,0.0,Reino de Arabia Saudi
Fri Apr 30 16:09:35 +0000 2021,nisha22222,Just posted a photo @ Jumeirah Village Circle Dubai https://t.co/keZ0svoGef,0.0,0.0,Dubai
Fri Apr 30 16:09:36 +0000 2021,Banda_Bravata,ุฃูุทุงู:ุฌูุน ูุทู ุฃู ุฑูู ูุนูุงู ูุฏุงูุง ุชูุฑูุงุช ูุจุงุช ุงููุงุนูุฉ ุงููุทููุฉ#ุชุญุจุจุจุจ_ุงุงุงูุนููููู_ูุงุนูููู_ุนูุงุงุงุงุงMpN,0.0,0.0,Reino da Arรกbia Saudita
Fri Apr 30 16:09:37 +0000 2021,titanlilian,๏ดฟ ููุฃูููููููุง ุงูุตููููุงุฉู ููุจูุดููุฑู ุงููููุคูููููููู ๏ดพ#ุชุญุจุจุจุจ_ุงุงุงูุนููููู_ูุงุนูููู_ุนูุงุงุงุงุง4sn,0.0,0.0,Reino de Arabia Saudi
Fri Apr 30 16:09:37 +0000 2021,sha3ro7,ูุทููุฑ ุงูุนุงููู ุนูููู .๏ฟผ๏ฟผโฅ๏ธ๐โ๐ป,0.0,0.0,Abu Dhabi
Fri Apr 30 16:09:38 +0000 2021,Los2Charruas,ุฃููุฑ ุงูุญุธ ูุงููุตูุจ ูุง ุฃูุฑู ุงูุฃูุฑููู .#ุชุญุจุจุจุจ_ุงุงุงูุนููููู_ูุงุนูููู_ุนูุงุงุงุงุง5RS,0.0,0.0,Reino de Arabia Saudi
Fri Apr 30 16:09:39 +0000 2021,CauduroEugenia,ุงููุฌูุจ: ูุณุชุฌูุจ ุฏุนุงุก ุนุจุงุฏู#ุชุญุจุจุจุจ_ุงุงุงูุนููููู_ูุงุนูููู_ุนูุงุงุงุงุง8pA,0.0,0.0,Reino de Arabia Saudi
Fri Apr 30 16:09:40 +0000 2021,duardova,ูููููููู ุฅูู ุตูุฑูู ุงูุฒูููุงูู ูุนูุฏูููู  ููุจุฏูู ููู ููุง ูู ููููู ูู ุญูุณูุงุจููู#ุชุญุจุจุจุจ_ุงุงุงูุนููููู_ูุงุนูููู_ุนูุงุงุงุงุงd8B,0.0,0.0,Reino de Arabia Saudi
Fri Apr 30 16:09:41 +0000 2021,FansBarbieAbreu,ูุง ุงูู ุงูุง ุงููู#ุชุญุจุจุจุจ_ุงุงุงูุนููููู_ูุงุนูููู_ุนูุงุงุงุงุงC8D,0.0,0.0,Reino de Arabia Saudi
Fri Apr 30 16:09:41 +0000 2021,yackiepr28,ุงุณุชูุทุฑูุง ุจุงูุงุณุชุบูุงุฑ ูุงูุฏุนุงุก#ุชุญุจุจุจุจ_ุงุงุงูุนููููู_ูุงุนูููู_ุนูุงุงุงุงุงcdg,0.0,0.0,Reino de Arabia Saudi
Fri Apr 30 16:09:42 +0000 2021,elbe_271_271,ุงูุฐู ูุญุชุงุฌ ูุงุณุชุฎุฏุงู#ุชุญุจุจุจุจ_ุงุงุงูุนููููู_ูุงุนูููู_ุนูุงุงุงุงุงKPw,0.0,0.0,Reino de Arabia Saudi
Fri Apr 30 16:09:43 +0000 2021,bp334lp,ุงูููู ุฑุฏูุง ุฅููู ุฑุฏุงู ุฌูููุงู ุ#ุชุญุจุจุจุจ_ุงุงุงูุนููููู_ูุงุนูููู_ุนูุงุงุงุงุงdnh,0.0,0.0,Reino de Arabia Saudi
Fri Apr 30 16:09:44 +0000 2021,zicadanyh16,ุงูุดููุฏ: ุงูุนุงูู ุจูู ูุฎููู#ุชุญุจุจุจุจ_ุงุงุงูุนููููู_ูุงุนูููู_ุนูุงุงุงุงุงaHz,0.0,0.0,Reino da Arรกbia Saudita
Fri Apr 30 16:09:45 +0000 2021,jimeechaz,ููุง ูุงูุญูุฏ#ุชุญุจุจุจุจ_ุงุงุงูุนููููู_ูุงุนูููู_ุนูุงุงุงุงุงiZw,0.0,0.0,Reino de Arabia Saudi
Fri Apr 30 16:09:46 +0000 2021,AlexYoPorTi,ุงูููู ุฅูุง ูุนูุฐ ุจู ูู ุนุซุฑุฉู ูุง ุชูุนุฐุฑ ุ  ู ูุนูุฐ ุจู ูู ุฒูุฉู  ูุง ุชูุบูุฑ ุ ู ูุนูุฐ ุจู ูู ูุณุฑุฉู ูุง ุชูุฌุจุฑ#ุชุญุจุจุจุจ_ุงุงุงูุนููููู_ูุงุนูููู_ุนูุงุงุงุงุงkZE,0.0,0.0,Reino da Arรกbia Saudita
Fri Apr 30 16:09:47 +0000 2021,candacetodd519,ูุฃุนูู ุนูุง ุฅูู ุฃูุช ุงูุนูู..#ุชุญุจุจุจุจ_ุงุงุงูุนููููู_ูุงุนูููู_ุนูุงุงุงุงุงl3a,0.0,0.0,Kingdom of Saudi Arabia
Fri Apr 30 16:09:48 +0000 2021,lorena_ruffo1,ูุขุฌุฑูุง ูู ุนุฐุงุจ ุงููุงุฑ#ุชุญุจุจุจุจ_ุงุงุงูุนููููู_ูุงุนูููู_ุนูุงุงุงุงุงcQx,0.0,0.0,Reino de Arabia Saudi
Fri Apr 30 16:09:48 +0000 2021,BachSimon,@nikioconnor0 @ShaneHarmon @skystadium To watch ? Get a dodgy box from dragonmart..,0.0,0.0,Dubai
Fri Apr 30 16:09:49 +0000 2021,rafabustamante3,ูุณูุงุณุฉ ุงูููู ุงูุนุงููุฉ#ุชุญุจุจุจุจ_ุงุงุงูุนููููู_ูุงุนูููู_ุนูุงุงุงุงุงhdQ,0.0,0.0,Kingdom of Saudi Arabia
Fri Apr 30 16:09:50 +0000 2021,MizzJasminejade,ุงูู ุงูุถู ูุณุชูู ุชุฏุฑูุจู#ุชุญุจุจุจุจ_ุงุงุงูุนููููู_ูุงุนูููู_ุนูุงุงุงุงุงLWF,0.0,0.0,Kingdom of Saudi Arabia
Fri Apr 30 16:09:50 +0000 2021,AOP_216,@Oluwaderinsola0 @Uncle2Triplets Abi now..i will use it later later,0.0,0.0,Abu Dhabi
Fri Apr 30 16:09:51 +0000 2021,elenamolinero86,ูุชู ุชุฏุฑูุจ ุงูุนุงูููู#ุชุญุจุจุจุจ_ุงุงุงูุนููููู_ูุงุนูููู_ุนูุงุงุงุงุง0Ak,0.0,0.0,Reino de Arabia Saudi
Fri Apr 30 16:09:51 +0000 2021,S_Enanda,@OmzBk Spot on broo,0.0,0.0,Dubai
Fri Apr 30 16:09:52 +0000 2021,ral_m27,๏ปญ๏บ๏บฉ๏บง๏ป๏ปจ๏ปฐ ๏บ๏บฎ๏บฃ๏ปค๏บ๏ป ๏ป๏ปฒ ๏ป๏บ๏บ๏บฉ๏ป ๏บ๏ป๏บผ๏บ๏ป๏บค๏ปด๏ปฆ#ุชุญุจุจุจุจ_ุงุงุงูุนููููู_ูุงุนูููู_ุนูุงุงุงุงุงHBO,0.0,0.0,Reino de Arabia Saudi
Fri Apr 30 16:09:53 +0000 2021,cezz98,ุนูููู ุชููููู ูุงุฑุจ#ุชุญุจุจุจุจ_ุงุงุงูุนููููู_ูุงุนูููู_ุนูุงุงุงุงุงsdB,0.0,0.0,Reino de Arabia Saudi
Fri Apr 30 16:09:53 +0000 2021,yukom28,(ุฃูู ูุนูู ุจุฃู ุงููู ูุฑู) ุ#ุชุญุจุจุจุจ_ุงุงุงูุนููููู_ูุงุนูููู_ุนูุงุงุงุงุง5Pn,0.0,0.0,Reino de Arabia Saudi
Fri Apr 30 16:09:54 +0000 2021,a0405maldonado,ุงูููู ุฅุฌุนููุง ูุงูุงูู ููู ุชุฏุฑููู ุงูุฑุญูุฉ#ุชุญุจุจุจุจ_ุงุงุงูุนููููู_ูุงุนูููู_ุนูุงุงุงุงุงfwm,0.0,0.0,Reino de Arabia Saudi
Fri Apr 30 16:09:55 +0000 2021,hectormejiasm,ููู ูุฑุฏ ููุจููุฑุงูุ#ุชุญุจุจุจุจ_ุงุงุงูุนููููู_ูุงุนูููู_ุนูุงุงุงุงุงpte,0.0,0.0,Kingdom of Saudi Arabia
Fri Apr 30 16:09:55 +0000 2021,ariesalex159,ูุงูุญูุฏ ููู ุนูู ูู ุดู ุฃููุงู ูุขุฎุฑุง.#ุชุญุจุจุจุจ_ุงุงุงูุนููููู_ูุงุนูููู_ุนูุงุงุงุงุงUNc,0.0,0.0,Reino de Arabia Saudi
Fri Apr 30 16:09:55 +0000 2021,DubaiWellbeing,Just posted a photo @ Jumairah Beach DubaiUAE https://t.co/dDvGhUO0uy,0.0,0.0,Dubai
Fri Apr 30 16:09:56 +0000 2021,NOH8Venezuela,ูุฃูุฏููุง ุจูุงูุฑ ุฌููุฏู ูุฅุฌุนู ููุง ูุน ูุณูุงุช ูุฐุง ุงูุตุจุงุญ#ุชุญุจุจุจุจ_ุงุงุงูุนููููู_ูุงุนูููู_ุนูุงุงุงุงุงiC0,0.0,0.0,Kingdom of Saudi Arabia
Fri Apr 30 16:09:57 +0000 2021,Nasimooon,@negamara81 ุงุฎุฏุง:)) ูู ูฺฉุฑ ูโฺฉุฑุฏู ูุงูู ูุง ุนุชูู ุจูุฏู ฺฉู ููุดู ุขุฎุฑ ูููููุง ุจุง ุงูฺฏุดุช ุจุงูุง ูโุขูุฑุฏ ุขุฎุฑุด ุฒุฎู ูุนุฏู ฺฏุฑโฆ https://t.co/TH1Qguh4mX,0.5,1.0,Islamic Republic of Iran
Fri Apr 30 16:09:57 +0000 2021,jazyjesi,ุงุตูู : ุฐู ุงุตุงูุฉ ูุงูููุช ุจูู ุงูุนุตุฑ ูุงููุบุฑุจ#ุชุญุจุจุจุจ_ุงุงุงูุนููููู_ูุงุนูููู_ุนูุงุงุงุงุงW0g,0.0,0.0,Reino de Arabia Saudi
Fri Apr 30 16:09:57 +0000 2021,MystikMalik,ูุฌูู: ูุนูุงู ุงููุถูุฉุ#ุชุญุจุจุจุจ_ุงุงุงูุนููููู_ูุงุนูููู_ุนูุงุงุงุงุงsIP,0.0,0.0,Kingdom of Saudi Arabia
Fri Apr 30 16:09:58 +0000 2021,bukhari_dikko,If your girl sabi Oruma run oooooo,0.0,0.0,Dubai
Fri Apr 30 16:09:58 +0000 2021,dingoshotdogs,ูููุง ูุซูุงูุชู#ุชุญุจุจุจุจ_ุงุงุงูุนููููู_ูุงุนูููู_ุนูุงุงุงุงุงOrJ,0.0,0.0,Kingdom of Saudi Arabia
Fri Apr 30 16:09:58 +0000 2021,AbdullahYounnis,#ููู_ุฒุงูุฏ_ููุนูู_ุง๏ปนูุณุงูู ููุงุก ููุฐูุฑู ูุงุณุชูุฑุงุฑ ุนูู ุงูููุฌ . #ููู_ุงูุนูู_ุงูุฅูุณุงูู https://t.co/MWT3b0WWsM,0.0,0.0,Abu Dhabi
Fri Apr 30 16:09:59 +0000 2021,TopRosario,ูุจุฑุงุณ : ูููุฉ ุชุฑููุฉ ุจูุนูู ุณูุงู ุงูุฑูุญ ุฃู ุงููุตุจุงุญ#ุชุญุจุจุจุจ_ุงุงุงูุนููููู_ูุงุนูููู_ุนูุงุงุงุงุงFaI,0.0,0.0,Reino de Arabia Saudi
Fri Apr 30 16:09:59 +0000 2021,jhotmy,ูุณูู : ุญุณู ุงูุดูู#ุชุญุจุจุจุจ_ุงุงุงูุนููููู_ูุงุนูููู_ุนูุงุงุงุงุงXhE,0.0,0.0,Reino de Arabia Saudi
Fri Apr 30 16:10:00 +0000 2021,cammim22,ูุงูุชู ูู ุงุญุณู ูุงูุถู ุญุงู ูุงููุณูููู ุงุฌูุน#ุชุญุจุจุจุจ_ุงุงุงูุนููููู_ูุงุนูููู_ุนูุงุงุงุงุงF3y,0.0,0.0,Reino de Arabia Saudi
Fri Apr 30 16:10:00 +0000 2021,santi_colina30,ูุนุงุฐ : ูุญุตู ุจุงุณู ุงููู#ุชุญุจุจุจุจ_ุงุงุงูุนููููู_ูุงุนูููู_ุนูุงุงุงุงุงp9K,0.0,0.0,Reino de Arabia Saudi
Fri Apr 30 16:10:00 +0000 2021,ARACELYS_APONTE,ุงููุณุคูู ุนู ุฌูุจ ุงูููุฑุฉุ#ุชุญุจุจุจุจ_ุงุงุงูุนููููู_ูุงุนูููู_ุนูุงุงุงุงุงSjb,0.0,0.0,Reino de Arabia Saudi
Fri Apr 30 16:10:01 +0000 2021,nathalydcpf,๏ดฟุฅูููู ุงูููููู ููููููุงุฆูููุชููู ููุตููููููู ุนูููู ุงููููุจูููู ููุง ุฃููููููุง ุงูููุฐูููู ุขููููููุง ุตูููููุงุนููููููู ููุณููููโฆ https://t.co/Twvsz9UBHg,0.0,0.0,Kingdom of Saudi Arabia
Fri Apr 30 16:10:02 +0000 2021,lacocoaj,ุงูุจุงุฑุฆ: ุงูุฎุงูู ููุง ููู ุฑูุญ#ุชุญุจุจุจุจ_ุงุงุงูุนููููู_ูุงุนูููู_ุนูุงุงุงุงุงJHb,0.0,0.0,Reino de Arabia Saudi
Fri Apr 30 16:10:03 +0000 2021,ergunguney5,ุงูููุฐูููู ููุฐูููุฑูููู ุงูููููู ููููุงูุงู ููููุนููุฏุงู ููุนูููู ุฌููููุจููููู ููููุชููููููุฑูููู ููู ุฎููููู ุงูุณููููุงููุงุชู ููุงโฆ https://t.co/zeh6wMdmM6,0.0,0.0,ุงูููููุฉ ุงูุนุฑุจูุฉ ุงูุณุนูุฏูุฉ
Fri Apr 30 16:10:03 +0000 2021,rcedelo,ูุฅููููู ูุง ูุบูุฑู ุงูุฐููููุจู ุฅูููุง ุฃูุชู#ุชุญุจุจุจุจ_ุงุงุงูุนููููู_ูุงุนูููู_ุนูุงุงุงุงุงNJc,0.0,0.0,Reino de Arabia Saudi
Fri Apr 30 16:10:03 +0000 2021,Fateme_exo1485,@C11277 @weareoneEXO @layzhang @B_hundred_Hyun Iranian EXOLs Promise You #togetherEX9forever๐ซ@weareoneEXO   #EXOโฆ https://t.co/1WvZcu28pr,0.0,0.0,Islamic Republic of Iran
Fri Apr 30 16:10:03 +0000 2021,avlakow,@chelsea_befarsi ูุง ุฎู ู ุทูุฑ ุจูุฏฺฉ ุงูุ ฺฉ ุฑูุฒ ุญุณุฑุชุญุงูุฏ ฺฉูู ุฌู ุจูุฏ ๐ถ๐,0.0,0.0,Islamic Republic of Iran
Fri Apr 30 16:10:04 +0000 2021,franklin_o21,ุงูุณุจุงู ูุจู ุฃู ูููู ุจุงูุฃุนูุงู ูููู  ุจุตูุงุก ุงูุจุงุทู ุูุตุฏู ุงูุฅููุงูุ ูุณูุงูุฉ  ุงูููู ุงูููู ุงุฌุนููุง ูุฅูุงูู ูู ุฃูููุง ูุงููุณููููโฆ https://t.co/pd9pJGba8R,0.0,0.0,Reino de Arabia Saudi
Fri Apr 30 16:10:04 +0000 2021,sadeghzmni,@Shomalliiii79 ุจููโุจูู ุฏุฎุชุฑฺฏู ... ฺฉู ูพุฏุง,0.0,0.0,Islamic Republic of Iran
Fri Apr 30 16:10:04 +0000 2021,NatesPotatoGang,ูุงุฑุญููู ุฅูู ุฃูุช ุงูุบููุฑ ุงูุฑุญูู#ุชุญุจุจุจุจ_ุงุงุงูุนููููู_ูุงุนูููู_ุนูุงุงุงุงุงkuT,0.0,0.0,Kingdom of Saudi Arabia
Fri Apr 30 16:10:04 +0000 2021,HVACinstock,ุนู ุนูุจุฉ ุจู ุนุงูุฑ ุฑุถู ุงููู ุนูู ูุงู:ููุช: ูุง ุฑุณูู ุงููู! ูุง ุงููููุฌุงุฉุูุงู: ุฃููุณููู ุนููู ููุณุงููููุ ูููููุณุนููู ุจูุชููุ ูุงุจูโฆ https://t.co/tPVXJcfQ3x,0.0,0.0,Kingdom of Saudi Arabia
Fri Apr 30 16:10:05 +0000 2021,newsemaratyah,ูุญูุฏ ุจู ุฒุงูุฏ ูุนุฒู ูุงุชููุง ุงูุฑุฆูุณ ุงูุฅูุฏูููุณู ูู ุถุญุงูุง ุบุฑู ุงูุบูุงุตุฉ https://t.co/GknTqIOaXT,0.0,0.0,Dubai
Fri Apr 30 16:10:05 +0000 2021,ArlenGris,ุงูููููู ุขูุณู ูู ูุญุดุชู ูุงุบูุฑ ูู ุฒููุชู ุงูููููู ุงูุฒูู ููุฒูุงู ูุจุงุฑูุง ูุงูุช ุฎูุฑ ุงูููุฒููู#ุชุญุจุจุจุจ_ุงุงุงูุนููููู_ูุงุนูููู_ุนูุงุงุงุงุงjGA,0.0,0.0,Reino da Arรกbia Saudita
Fri Apr 30 16:10:06 +0000 2021,MjRg24,ุฑุจู ูู ุนุจุงุฏ ููุชุธุฑูู ูุฑุฌูุง ูุจุดุฑูู ุ#ุชุญุจุจุจุจ_ุงุงุงูุนููููู_ูุงุนูููู_ุนูุงุงุงุงุงALy,0.0,0.0,Reino de Arabia Saudi
Fri Apr 30 16:10:06 +0000 2021,newsemaratyah,ุญูุฏุงู ุจู ุฒุงูุฏ: ูุจุงุฏุฑุงุช ุงูุดูุฎ ุฒุงูุฏ ุงูุฅูุณุงููุฉ ุฌุนูุช ููุฅูุงุฑุงุช ููุงูุฉ ูุชููุฒุฉ ูู ููุงุฏูู ุงูุนูู ุงูุฎูุฑูโฆ https://t.co/UXCYLyWUjP,0.0,0.0,Dubai
Fri Apr 30 16:10:07 +0000 2021,MiltonMacias4,ูุงู: ูููููู ุฃูุทูุงุจู ุงููููุงููุ ู ุฃูุทูุนููู ุงูุทููุนูุงูู ุ#ุชุญุจุจุจุจ_ุงุงุงูุนููููู_ูุงุนูููู_ุนูุงุงุงุงุงCQz,0.0,0.0,Reino de Arabia Saudi
Fri Apr 30 16:10:07 +0000 2021,newsemaratyah,ููุงุญ ููุฑููุง ุฎุจุฑ ูุญุจุท.. ุฌุฑุนุฉ ูุงุญุฏุฉ ูู โูุงูุฒุฑโ ูุง ุชุญูู ูู ุงููุชุญูุฑ https://t.co/K3YIhgZ8kp https://t.co/EiKcDK7onS,0.0,0.0,Dubai
Fri Apr 30 16:10:08 +0000 2021,juanpena_07,ุณุทุงู : ุงูุถุงุฑุจ ุจุงูุณูู#ุชุญุจุจุจุจ_ุงุงุงูุนููููู_ูุงุนูููู_ุนูุงุงุงุงุงxvg,0.0,0.0,Reino de Arabia Saudi
Fri Apr 30 16:10:08 +0000 2021,msladylove860,ุงูููู ุฃูุฑุญ ูููุจูุง ุ ูุงูุณุญ ุงุญุฒุงููุง  ูุงุบูุฑ  ุฐููุจูุง ุ#ุชุญุจุจุจุจ_ุงุงุงูุนููููู_ูุงุนูููู_ุนูุงุงุงุงุงP5c,0.0,0.0,Kingdom of Saudi Arabia
Fri Apr 30 16:10:08 +0000 2021,ciesann,ูุงูุนุชู ูู ุงูููุฑุงู#ุชุญุจุจุจุจ_ุงุงุงูุนููููู_ูุงุนูููู_ุนูุงุงุงุงุงIKZ,0.0,0.0,Reino de Arabia Saudi
Fri Apr 30 16:10:08 +0000 2021,newsemaratyah,ููุงุญ ููุฑููุง ุฌูุทุงุช ูุงุฏุฑุฉ ูุฌุฏุฏุงู ูู ุจุฑูุทุงููุง.. ุจุนุฏ ุชููู โุฃุณุชุฑุงุฒููููุงโ https://t.co/J3FdB7aoHS https://t.co/HoBw9zTeZM,0.0,0.0,Dubai
Fri Apr 30 16:10:08 +0000 2021,sukinameshekhis,ุทูุจ ุฅุฐุง ุนูุฏู ููุฏ ุญูููุฉ ุจูุฏู ููู ุงููู ุ ุซุงููุงู : ูููู ุชูุชุจ ุงูููุงู ุงูู ุฃูุช ูุชุจุชู ูู ุญุณุงุจู ูู ุญุณุงุจ ุงูููู ูู ุชููุชุฑ ุ ุชุนโฆ https://t.co/d3FTct15WD,0.0,0.0,ุฏุจู
Fri Apr 30 16:10:09 +0000 2021,mpaulareyero,ููููฐ ุฃูุฏุขุฑ ฺฏุชุจุช ุจูุญูููฐูุข ู ููุฑููุข ุ#ุชุญุจุจุจุจ_ุงุงุงูุนููููู_ูุงุนูููู_ุนูุงุงุงุงุงIgA,0.0,0.0,Reino de Arabia Saudi
Fri Apr 30 16:10:10 +0000 2021,BrendaaSarao,ููุง ูุงุญูููููููุฏุง#ุชุญุจุจุจุจ_ุงุงุงูุนููููู_ูุงุนูููู_ุนูุงุงุงุงุงXre,0.0,0.0,Kingdom of Saudi Arabia
Fri Apr 30 16:10:10 +0000 2021,DenilLeonel,ูุงุฐุง ุณุฃูุช ุนู ุงูุณุจุจ#ุชุญุจุจุจุจ_ุงุงุงูุนููููู_ูุงุนูููู_ุนูุงุงุงุงุงUol,0.0,0.0,Reino de Arabia Saudi
Fri Apr 30 16:10:11 +0000 2021,podoyoli,ุตูู ุนููู ุงููู ูุง ุบููุง ููู#ุชุญุจุจุจุจ_ุงุงุงูุนููููู_ูุงุนูููู_ุนูุงุงุงุงุง866,0.0,0.0,Reino de Arabia Saudi
Fri Apr 30 16:10:12 +0000 2021,DENNIS_THEFOX,ุฃุตููุฉ : ุฐุงุช ุงูุฃุตู ุดุฑููุฉ ุฑุงุณุฎุฉ ุงููุณุจ#ุชุญุจุจุจุจ_ุงุงุงูุนููููู_ูุงุนูููู_ุนูุงุงุงุงุงWV4,0.0,0.0,Kingdom of Saudi Arabia
Fri Apr 30 16:10:12 +0000 2021,Na_kro_,@hamzaakbar777 ๐๐,0.0,0.0,Ajman
Fri Apr 30 16:10:12 +0000 2021,technical_glass,Glass rooms | Glass partitions | Glass work | Aluminium Partitions | aluminium doors &amp; windows | Glass Folding Doorโฆ https://t.co/uayhqqg3Eo,0.0,0.0,Dubai
Fri Apr 30 16:10:13 +0000 2021,olivaavalis,ุนุณู ุงููุงูุน ุฎูุฑ#ุชุญุจุจุจุจ_ุงุงุงูุนููููู_ูุงุนูููู_ุนูุงุงุงุงุงyI0,0.0,0.0,Reino de Arabia Saudi
Fri Apr 30 16:10:14 +0000 2021,casetael5pino,ุงูููู ุฃุดูู ูุนุงูู ูุฑุถุงูุง#ุชุญุจุจุจุจ_ุงุงุงูุนููููู_ูุงุนูููู_ุนูุงุงุงุงุงvE1,0.0,0.0,Reino de Arabia Saudi
Fri Apr 30 16:10:14 +0000 2021,PipuAndLala,ูููุจูุง ูู ุฃูุฌุงุนูุง ุ#ุชุญุจุจุจุจ_ุงุงุงูุนููููู_ูุงุนูููู_ุนูุงุงุงุงุงnwM,0.0,0.0,Reino de Arabia Saudi
Fri Apr 30 16:10:14 +0000 2021,Alfaizaa_oudqtr,ุงูุณูุงู ุนูฺฉู ูุฑุญูุฉ ุงููู ูุจุฑูุงุชููุณุงุก ุงูุฎูุฑุนูุฏ ููุฑู ุณูุจุฑุงูุชูุตูู ูุฌุงูู ุงูููุฒููุฉ #ุงูุฏูุญุฉ_ูุทุฑุงูุงุชุตุงู ูุงูุงุณุชูุณุงุฑุงุช+9โฆ https://t.co/vAOCzNhcr0,0.0,0.0,Doha
Fri Apr 30 16:10:14 +0000 2021,motorasist,ูุงุฑุญููู ุฅูู ุฃูุช ุงูุบููุฑ ุงูุฑุญูู#ุชุญุจุจุจุจ_ุงุงุงูุนููููู_ูุงุนูููู_ุนูุงุงุงุงุงQ2c,0.0,0.0,ุงูููููุฉ ุงูุนุฑุจูุฉ ุงูุณุนูุฏูุฉ
Fri Apr 30 16:10:15 +0000 2021,lobosbeis,ุงูููู ุงูู ุนูู ูุฑูู ุชุญุจ ุงูุนูู ูุงุนู ุนูุง#ุชุญุจุจุจุจ_ุงุงุงูุนููููู_ูุงุนูููู_ุนูุงุงุงุงุงAUT,0.0,0.0,Reino de Arabia Saudi
Fri Apr 30 16:10:15 +0000 2021,vero22156,ุนู ุนูุจุฉ ุจู ุนุงูุฑ ุฑุถู ุงููู ุนูู ูุงู:ููุช: ูุง ุฑุณูู ุงููู! ูุง ุงููููุฌุงุฉุูุงู: ุฃููุณููู ุนููู ููุณุงููููุ ูููููุณุนููู ุจูุชููุ ูุงุจูโฆ https://t.co/a1ieyzqrX9,0.0,0.0,Reino de Arabia Saudi
Fri Apr 30 16:10:16 +0000 2021,staciu5,ูุง ุฑุจ ุฌุฏุฏ ุดุนูุฑ ุงูุญูุงุฉ ูููุง ู ููุณุฑ ุฃููุฑูุง#ุชุญุจุจุจุจ_ุงุงุงูุนููููู_ูุงุนูููู_ุนูุงุงุงุงุง8Fm,0.0,0.0,Kingdom of Saudi Arabia
Fri Apr 30 16:10:17 +0000 2021,AlvaradoRosmili,( ุฅููู ูุตุนุฏ ุงูููู ุงูุทูุจ )#ุชุญุจุจุจุจ_ุงุงุงูุนููููู_ูุงุนูููู_ุนูุงุงุงุงุงOu3,0.0,0.0,Reino de Arabia Saudi
Fri Apr 30 16:10:17 +0000 2021,YannBenavente,ูุงูุงุณู ุจูุฐุง ุงููุนูู ุชููู ูุงุคู ูุดุฏููุฏุฉ.#ุชุญุจุจุจุจ_ุงุงุงูุนููููู_ูุงุนูููู_ุนูุงุงุงุงุงwDr,0.0,0.0,Kingdom of Saudi Arabia
Fri Apr 30 16:10:18 +0000 2021,SadReality29,ุงููุงุฌุฏ: ูุง ูุญุชุงุฌ ูุนูู ููู ูุง ูุฑูุฏู ูููู#ุชุญุจุจุจุจ_ุงุงุงูุนููููู_ูุงุนูููู_ุนูุงุงุงุงุง8pv,0.0,0.0,Reino de Arabia Saudi
Fri Apr 30 16:10:19 +0000 2021,TabEnter09,ูุจูุฏ : ุงูุนุฏู ุงูุตุบูุฑ ุงูุฒุนูู ุงูุตุบูุฑ#ุชุญุจุจุจุจ_ุงุงุงูุนููููู_ูุงุนูููู_ุนูุงุงุงุงุงAne,0.0,0.0,Reino de Arabia Saudi
Fri Apr 30 16:10:19 +0000 2021,albaniadani,ุฃุจุฏุงู  ุฃุจุฏุง#ุชุญุจุจุจุจ_ุงุงุงูุนููููู_ูุงุนูููู_ุนูุงุงุงุงุงCrC,0.0,0.0,Kingdom of Saudi Arabia
Fri Apr 30 16:10:19 +0000 2021,keishla88,ุฃุนูุฐู ุจููู ูู ุดุฑูู ูุง ุตูุนุชู.#ุชุญุจุจุจุจ_ุงุงุงูุนููููู_ูุงุนูููู_ุนูุงุงุงุงุงI7a,0.0,0.0,Kingdom of Saudi Arabia
Fri Apr 30 16:10:19 +0000 2021,jameswilkin123,ูููู ุจุฏูุนุงุฆู !#ุชุญุจุจุจุจ_ุงุงุงูุนููููู_ูุงุนูููู_ุนูุงุงุงุงุงSfr,0.0,0.0,Kingdom of Saudi Arabia
Fri Apr 30 16:10:20 +0000 2021,TheLisaAnnFans,ุงูููู ุงุฑุญู ููุชุงูุง ูููุชู ุงููุณูููู ุ ุงูููู ููุฑ ูุจูุฑูู ูุฃููู ุจูู ูุชุฌุงูุฒ ุณูุฆุงุชูู ูุงุฑุญู ุฏุฑุฌุงุชูู ุฅุฐุง ุตุฑูุง ุฅูู ูุงุตุงุฑูุง ุฅููโฆ https://t.co/xfazXm91j6,0.0,0.0,Kingdom of Saudi Arabia
Fri Apr 30 16:10:21 +0000 2021,_morenagramagol,aos poucos estou eliminando o aรงรบcar da minha vida๐,0.0,0.0,ุงูุดุงุฑูุฉ
Fri Apr 30 16:10:21 +0000 2021,michii_lautner,ุฑุงุฌุญ : ุงูุฑุตูู ุงูุนูู#ุชุญุจุจุจุจ_ุงุงุงูุนููููู_ูุงุนูููู_ุนูุงุงุงุงุงFBE,0.0,0.0,Reino de Arabia Saudi
Fri Apr 30 16:10:21 +0000 2021,vargasmovida,ูุฃูุนุงู ุฃุฌูู ุ#ุชุญุจุจุจุจ_ุงุงุงูุนููููู_ูุงุนูููู_ุนูุงุงุงุงุง2u9,0.0,0.0,Reino de Arabia Saudi
Fri Apr 30 16:10:21 +0000 2021,veena_bala,@Etisalat_Care frustrated with multiple emails every week asking me to pay dues. I don't have any dues! And I get nโฆ https://t.co/mL5tjPN6Oj,-0.35,0.1,ุฏุจู
Fri Apr 30 16:10:22 +0000 2021,dayefra313,ูุง ุงูู ุงูุง ุงููู#ุชุญุจุจุจุจ_ุงุงุงูุนููููู_ูุงุนูููู_ุนูุงุงุงุงุงzLB,0.0,0.0,Reino de Arabia Saudi
Fri Apr 30 16:10:23 +0000 2021,ElectILDems,ุจู ูู ุดูุก#ุชุญุจุจุจุจ_ุงุงุงูุนููููู_ูุงุนูููู_ุนูุงุงุงุงุง0Co,0.0,0.0,Kingdom of Saudi Arabia
Fri Apr 30 16:10:23 +0000 2021,Marideli_22,ููู ุชููููู ุนูู ุงููู ููู ูุงูููู ูุญุณุจูู .#ุชุญุจุจุจุจ_ุงุงุงูุนููููู_ูุงุนูููู_ุนูุงุงุงุงุง45p,0.0,0.0,Reino de Arabia Saudi
Fri Apr 30 16:10:23 +0000 2021,valerod_222,ูุขุตูุญ ููุง ูุงุจูู ูุฃูุชุจ ููุง#ุชุญุจุจุจุจ_ุงุงุงูุนููููู_ูุงุนูููู_ุนูุงุงุงุงุงo1p,0.0,0.0,Reino de Arabia Saudi
Fri Apr 30 16:10:23 +0000 2021,angelbastri,( ุฑุจูู ูุงุชุฐุฑูู ูุญูุฏุข ูุฃูุช ุฎูุฑ ุงููุงุฑุซูู )#ุชุญุจุจุจุจ_ุงุงุงูุนููููู_ูุงุนูููู_ุนูุงุงุงุงุง0xQ,0.0,0.0,Reino de Arabia Saudi
Fri Apr 30 16:10:24 +0000 2021,maiu_mora,ุฅู ุงููู ูุง ูุฎูุจ ุฑุฌุงุก ุนุจุฏู ุชูุงุกู ุจู ุฎูุฑุงู#ุชุญุจุจุจุจ_ุงุงุงูุนููููู_ูุงุนูููู_ุนูุงุงุงุงุงZLY,0.0,0.0,Reino de Arabia Saudi
Fri Apr 30 16:10:25 +0000 2021,josemorel30,ูุง ุชุฌุนู ูู ุฃูุงููุง ูุงูุงููู ุณูุกู ุฅูุง ุฏูุนุชู#ุชุญุจุจุจุจ_ุงุงุงูุนููููู_ูุงุนูููู_ุนูุงุงุงุงุงlE7,0.0,0.0,Reino de Arabia Saudi
Fri Apr 30 16:10:25 +0000 2021,ferfranco210,ุชูุจู ุงููู ููุง ููููู ุตุงูุญ ุงูุฃุนูุงู#ุชุญุจุจุจุจ_ุงุงุงูุนููููู_ูุงุนูููู_ุนูุงุงุงุงุงgEn,0.0,0.0,Reino de Arabia Saudi
Fri Apr 30 16:10:26 +0000 2021,alexsoto1274,ูุจุฏูู ุฃู ูุฏุฑ ูู ุงูุงูุญุฑุงู#ุชุญุจุจุจุจ_ุงุงุงูุนููููู_ูุงุนูููู_ุนูุงุงุงุงุงPm8,0.0,0.0,Kingdom of Saudi Arabia
Fri Apr 30 16:10:26 +0000 2021,Nairdlr,ููุนูุงู ุฒูุฑุฉ ุงูุจููุณุฌ#ุชุญุจุจุจุจ_ุงุงุงูุนููููู_ูุงุนูููู_ุนูุงุงุงุงุงcya,0.0,0.0,Reino de Arabia Saudi
Fri Apr 30 16:10:26 +0000 2021,Dare2Torres,ุฅูุตุงู : ุนุฏู ูุชุณููุฉ ุจูู ุฎุตููู ุจุงูุญู ูุงูุนุฏู#ุชุญุจุจุจุจ_ุงุงุงูุนููููู_ูุงุนูููู_ุนูุงุงุงุงุงRI1,0.0,0.0,Kingdom of Saudi Arabia
Fri Apr 30 16:10:26 +0000 2021,HWHSharry_1994,ูููู ูุงูุฃููุงุช .#ุชุญุจุจุจุจ_ุงุงุงูุนููููู_ูุงุนูููู_ุนูุงุงุงุงุงk0Z,0.0,0.0,ุงูููููุฉ ุงูุนุฑุจูุฉ ุงูุณุนูุฏูุฉ
Fri Apr 30 16:10:26 +0000 2021,Espinozapaz_gto,ููุนูุงู ุฒูุฑุฉ ุงูุจููุณุฌ#ุชุญุจุจุจุจ_ุงุงุงูุนููููู_ูุงุนูููู_ุนูุงุงุงุงุงDJT,0.0,0.0,Reino de Arabia Saudi
Fri Apr 30 16:10:27 +0000 2021,feibelinojosa,ุงูููู ุตููู ูุณูููู ุนูู ูุจููููุง ูุญูุฏ ๏ทบ ูุนูู ุขูู ูุตุญุจู ูุณูููู#ุชุญุจุจุจุจ_ุงุงุงูุนููููู_ูุงุนูููู_ุนูุงุงุงุงุงULo,0.0,0.0,Reino de Arabia Saudi
Fri Apr 30 16:10:28 +0000 2021,lizzaturn,ุฃูู ุตูุงุชู ูู ุญูุงุชู ุชุณุชูู ุฃููุฑู ูุชุตูุญ ุดุคููู#ุชุญุจุจุจุจ_ุงุงุงูุนููููู_ูุงุนูููู_ุนูุงุงุงุงุงfBT,0.0,0.0,Reino de Arabia Saudi
Fri Apr 30 16:10:28 +0000 2021,mahjoob_nima,@AlyGovah @llsoroushll @mobixa19 @mryamrzv3 ๐๐๐๐๐๐,0.0,0.0,Islamic Republic of Iran
Fri Apr 30 16:10:29 +0000 2021,maridepaparella,ุงููููู ุฃูุชูุจ ูููู ูููู ุงูุฎููุฑู .#ุชุญุจุจุจุจ_ุงุงุงูุนููููู_ูุงุนูููู_ุนูุงุงุงุงุงQPY,0.0,0.0,Reino de Arabia Saudi
Fri Apr 30 16:10:30 +0000 2021,proverbiodeldia,- ูุงู ุชุนุงูู: (ุฅูููู ุงูููููู ููููููุงุฆูููุชููู ููุตููููููู ุนูููู ุงููููุจูููู ููุง ุฃููููููุง ุงูููุฐูููู ุขูููููุง ุตูููููุง ุนูููโฆ https://t.co/M8sRcnZIqe,-0.75,1.0,Reino de Arabia Saudi
Fri Apr 30 16:10:30 +0000 2021,yusfren,ูุงูุฃุฑุฒุงู ุงูุฏุงุฆูุฉ#ุชุญุจุจุจุจ_ุงุงุงูุนููููู_ูุงุนูููู_ุนูุงุงุงุงุงtyD,0.0,0.0,Kingdom of Saudi Arabia
Fri Apr 30 16:10:31 +0000 2021,danymoca92,ุงูุดููุฏ: ุงูุนุงูู ุจูู ูุฎููู#ุชุญุจุจุจุจ_ุงุงุงูุนููููู_ูุงุนูููู_ุนูุงุงุงุงุง9K6,0.0,0.0,Reino de Arabia Saudi
Fri Apr 30 16:10:31 +0000 2021,FemariRodriguez,ูุง ุฑุจ ุฌุฆุชูู ูุงุฏูุง ุฃุจูู ุนูู ูุง ูุฏูุชู ูุฏุงู ูุง ุฃุชุจุงูู#ุชุญุจุจุจุจ_ุงุงุงูุนููููู_ูุงุนูููู_ุนูุงุงุงุงุงX7l,0.0,0.0,Reino de Arabia Saudi
Fri Apr 30 16:10:32 +0000 2021,Elchau75,ูุนููู : ุงูุฏุงุนู ุงูู ุงูุญุฑุจ#ุชุญุจุจุจุจ_ุงุงุงูุนููููู_ูุงุนูููู_ุนูุงุงุงุงุงfsY,0.0,0.0,Kingdom of Saudi Arabia
Fri Apr 30 16:10:33 +0000 2021,ernestopc1234,ูุฌุณูุง ุณุงููุง#ุชุญุจุจุจุจ_ุงุงุงูุนููููู_ูุงุนูููู_ุนูุงุงุงุงุงYrh,0.0,0.0,Reino de Arabia Saudi
Fri Apr 30 16:10:33 +0000 2021,Ianna_Esther,ููู ุญุงุญุง ูุงุงุงุงุฏ#ุชุญุจุจุจุจ_ุงุงุงูุนููููู_ูุงุนูููู_ุนูุงุงุงุงุงDg7,0.0,0.0,Reino de Arabia Saudi
Fri Apr 30 16:10:33 +0000 2021,Tpnetro01,ุฃุณูุฉ : ูุฏูุฉ ูููุฐุฌ ุตุงูุญ#ุชุญุจุจุจุจ_ุงุงุงูุนููููู_ูุงุนูููู_ุนูุงุงุงุงุงCGX,0.0,0.0,Kingdom of Saudi Arabia
Fri Apr 30 16:10:34 +0000 2021,bellamartinex,ุณููุงุฑ : ุงูููุฑ#ุชุญุจุจุจุจ_ุงุงุงูุนููููู_ูุงุนูููู_ุนูุงุงุงุงุงkYf,0.0,0.0,Reino de Arabia Saudi
Fri Apr 30 16:10:34 +0000 2021,nathyc2_,ููุณุฑ ุงููุฑูุง ุ#ุชุญุจุจุจุจ_ุงุงุงูุนููููู_ูุงุนูููู_ุนูุงุงุงุงุงrf6,0.0,0.0,Reino da Arรกbia Saudita
Fri Apr 30 16:10:35 +0000 2021,elsentimental15,ูู ุงููุงุฑ ูุงููุณูููู ุฃุฌูุนูู#ุชุญุจุจุจุจ_ุงุงุงูุนููููู_ูุงุนูููู_ุนูุงุงุงุงุงfgc,0.0,0.0,Reino de Arabia Saudi
Fri Apr 30 16:10:36 +0000 2021,kilderguzman,ุงูููู ุจู ุฃุตุจุญูุง ูุนููู ุชููููุง ูุฅููู ุงููุตูุฑ#ุชุญุจุจุจุจ_ุงุงุงูุนููููู_ูุงุนูููู_ุนูุงุงุงุงุงWJr,0.0,0.0,Reino de Arabia Saudi
Fri Apr 30 16:10:36 +0000 2021,Eli84L,ููุงุงุงุงุงุงู ุงูููููููุฑ ุจูุณุงุงุงุฏุชู#ุชุญุจุจุจุจ_ุงุงุงูุนููููู_ูุงุนูููู_ุนูุงุงุงุงุงReW,0.0,0.0,Reino de Arabia Saudi
Fri Apr 30 16:10:37 +0000 2021,modaymodo,ููู ููุชููููููู ุนูููู ุงููู#ุชุญุจุจุจุจ_ุงุงุงูุนููููู_ูุงุนูููู_ุนูุงุงุงุงุงfd9,0.0,0.0,Kingdom of Saudi Arabia
Fri Apr 30 16:10:37 +0000 2021,lindopotrobig,ุงูููู ูุชุนูุง ุจุฑุงุญุฉ ุงูุจุงู#ุชุญุจุจุจุจ_ุงุงุงูุนููููู_ูุงุนูููู_ุนูุงุงุงุงุงk5F,0.0,0.0,Reino de Arabia Saudi
Fri Apr 30 16:10:38 +0000 2021,AriFakes,ูุจุนุถูู ูุณููู ุงุจูู ุฃู ุงุจูุชู ุจุชุฎููู ุงููุงุก.#ุชุญุจุจุจุจ_ุงุงุงูุนููููู_ูุงุนูููู_ุนูุงุงุงุงุงOg1,0.0,0.0,Reino da Arรกbia Saudita
Fri Apr 30 16:10:38 +0000 2021,cleopatra2303,ููุฌูู ุงุณู ูุฏูููุ#ุชุญุจุจุจุจ_ุงุงุงูุนููููู_ูุงุนูููู_ุนูุงุงุงุงุงSgU,0.0,0.0,Reino de Arabia Saudi
Fri Apr 30 16:10:38 +0000 2021,BeBezithop3,ููุณ ุจูู ุขูุงุช ุงูููุณ ูุงูู ุฃุดุฏ ูู ุงูุญุณุฏ ..#ุชุญุจุจุจุจ_ุงุงุงูุนููููู_ูุงุนูููู_ุนูุงุงุงุงุง0bm,0.0,0.0,Reino de Arabia Saudi
Fri Apr 30 16:10:38 +0000 2021,LBhite,Anyone else tweet their tweets in their head but feel lazy to type it out and actually 'tweet' it ? #Twitter #lazytweeter #FoodForThought,-0.125,0.55,Dubai
Fri Apr 30 16:10:39 +0000 2021,SofiaMaeline,ุฅุจุชูุงู : ูุนูุงู ุชูุณู ุชุถุฑุน ุฑุฌุงุก#ุชุญุจุจุจุจ_ุงุงุงูุนููููู_ูุงุนูููู_ุนูุงุงุงุงุงPIf,0.0,0.0,Reino de Arabia Saudi
Fri Apr 30 16:10:39 +0000 2021,mechusgon,ุงู ุงุบูุจ ุญููู ุงููุดููุงุช#ุชุญุจุจุจุจ_ุงุงุงูุนููููู_ูุงุนูููู_ุนูุงุงุงุงุงy3H,0.0,0.0,Reino de Arabia Saudi
Fri Apr 30 16:10:39 +0000 2021,Los2Charruas,ุงูุฐู ูุง ูุนููู ุฃุญุฏ ุบูุฑู ูู ุณุฑ#ุชุญุจุจุจุจ_ุงุงุงูุนููููู_ูุงุนูููู_ุนูุงุงุงุงุงCcg,0.0,0.0,Reino de Arabia Saudi
Fri Apr 30 16:10:40 +0000 2021,Saahib70149930,Bitches of Riches #PakCourts,0.0,0.0,Dubai
Fri Apr 30 16:10:40 +0000 2021,vanearali,ูููู ูุงูุฃููุงุช .#ุชุญุจุจุจุจ_ุงุงุงูุนููููู_ูุงุนูููู_ุนูุงุงุงุงุงHdJ,0.0,0.0,Reino de Arabia Saudi
Fri Apr 30 16:10:40 +0000 2021,mediwraps,ุงูุบููุฑ: ูุซูุฑ ุงูุบูุฑุงู#ุชุญุจุจุจุจ_ุงุงุงูุนููููู_ูุงุนูููู_ุนูุงุงุงุงุงgAy,0.0,0.0,Kingdom of Saudi Arabia
Fri Apr 30 16:10:40 +0000 2021,sha3ro7,ูุทููุฑ ุงูุนุงููู ุนูููู โฅ๏ธ๐โ๐ป๐ฟ,0.0,0.0,Abu Dhabi
Fri Apr 30 16:10:41 +0000 2021,fans_del_cartel,ุงูููู ุฃุตูุญ ููุงุชูุง ูุฐุฑูุงุชูุงุูุฃุนูุง ููุง ุชุนู ุนูููุง ุ ูุงูุฏูุง ููุณุฑ ููุง ูููุง ุดุฑ ุฃููุณูุง ูุงููุณูููู ุงุฌูุนูู#ุชุญุจุจุจุจ_ุงุงุงูุนููููู_ูุงุนูููู_ุนูุงุงุงุงุงWPD,0.0,0.0,Reino de Arabia Saudi
Fri Apr 30 16:10:41 +0000 2021,ShobaAj,A #Twitter timeline who has been owned by an Indian expat residing in #Qatar for the past fourteen years must expreโฆ https://t.co/xQ3vPOpOjY,-0.25,0.25,Doha
Fri Apr 30 16:10:42 +0000 2021,yendri406,ููุง ุฏุนุงุกู ุงูุง ุญููุชู#ุชุญุจุจุจุจ_ุงุงุงูุนููููู_ูุงุนูููู_ุนูุงุงุงุงุงanh,0.0,0.0,Reino de Arabia Saudi
Fri Apr 30 16:10:43 +0000 2021,lomaspervertido,ููุณ ุจูู ุขูุงุช ุงูููุณ ูุงูู ุฃุดุฏ ูู ุงูุญุณุฏ ..#ุชุญุจุจุจุจ_ุงุงุงูุนููููู_ูุงุนูููู_ุนูุงุงุงุงุงRZn,0.0,0.0,Reino de Arabia Saudi
Fri Apr 30 16:10:43 +0000 2021,Migdaliaestil,ููุดุฑู ุนูู ุฌุฒูุฑุฉ ุงุจู ุนูุฑุ#ุชุญุจุจุจุจ_ุงุงุงูุนููููู_ูุงุนูููู_ุนูุงุงุงุงุงSYb,0.0,0.0,Reino de Arabia Saudi
Fri Apr 30 16:10:43 +0000 2021,misellpolanco,ูุญูุธู ุงููู ูู ุงูุณูุก ูุงูููุงุฑู.#ุชุญุจุจุจุจ_ุงุงุงูุนููููู_ูุงุนูููู_ุนูุงุงุงุงุงw4l,0.0,0.0,Reino de Arabia Saudi
Fri Apr 30 16:10:44 +0000 2021,jerryshining,ูุจุฑุงุณ : ูููุฉ ุชุฑููุฉ ุจูุนูู ุณูุงู ุงูุฑูุญ ุฃู ุงููุตุจุงุญ#ุชุญุจุจุจุจ_ุงุงุงูุนููููู_ูุงุนูููู_ุนูุงุงุงุงุงiW3,0.0,0.0,Kingdom of Saudi Arabia
Fri Apr 30 16:10:44 +0000 2021,mauriciofron,ุงูููููู ููุณุจุบู ุงูุนูุทุงุกูุ ููุณุจูู ุงูุบูุทุงุกูุ ููุนุทู ุงูููุนููุ ุฃุฏูู ููุนูู ุนููููุง ูุงุญูุธูุง ูู ุงูุฒููุงู.#ุชุญุจุจุจุจ_ุงุงุงูุนููููู_ูุงุนูููู_ุนูุงุงุงุงุงFz5,0.0,0.0,Reino de Arabia Saudi
Fri Apr 30 16:10:45 +0000 2021,alefigrod,ูุดููู ุนุงููุชู#ุชุญุจุจุจุจ_ุงุงุงูุนููููู_ูุงุนูููู_ุนูุงุงุงุงุง2O4,0.0,0.0,Reino de Arabia Saudi
Fri Apr 30 16:10:45 +0000 2021,ivaniglesias21,ูุงูุจุฑูุฉ ู ุงูููุฒ ุจุงูุฌูุงู.#ุชุญุจุจุจุจ_ุงุงุงูุนููููู_ูุงุนูููู_ุนูุงุงุงุงุงFHO,0.0,0.0,Reino de Arabia Saudi
Fri Apr 30 16:10:46 +0000 2021,SUPERMIXTERIO,ุฑูุงุนู ุงูุฒูุช#ุชุญุจุจุจุจ_ุงุงุงูุนููููู_ูุงุนูููู_ุนูุงุงุงุงุงQhD,0.0,0.0,Reino de Arabia Saudi
Fri Apr 30 16:10:46 +0000 2021,valeria_bedolla,ูุตุนุจ : ุงูุฐู ูุชุญูู ุงูุดุฏุงูุฏ#ุชุญุจุจุจุจ_ุงุงุงูุนููููู_ูุงุนูููู_ุนูุงุงุงุงุงc5l,0.0,0.0,Kingdom of Saudi Arabia
Fri Apr 30 16:10:47 +0000 2021,yellowdeltadog,ุงููุฌุชูุน ุนูู ุงูุงูุชุฒุงู#ุชุญุจุจุจุจ_ุงุงุงูุนููููู_ูุงุนูููู_ุนูุงุงุงุงุง4jt,0.0,0.0,Kingdom of Saudi Arabia
Fri Apr 30 16:10:47 +0000 2021,IbrahimJana7i,"ูุซู ุนูุงูู ๐ด๐ฒ ุดููุฑ: ""ุงููู ุจุงุบู ุงูุบุฒูุงู ูุตุจุฑ ุนูู ุดููุฉ ุงูุณุจูุงู""",0.0,0.0,Dubai
Fri Apr 30 16:10:48 +0000 2021,mariomartorel,ุงูููู ุจู ุขููุง ููู ุงุณูููุง ูุนููู ุชููููุง ูุฅููู ุงูุจูุง  ุงูููู ุตู ูุณูู ุนูู ูุจููุง ูุญูุฏ ูุนูู ุขูู ูุฃุตุญุงุจู ุงูุทูุจูู ุงูุทุงูุฑูู ุงโฆ https://t.co/k8CEX0xeiQ,0.0,0.0,Reino de Arabia Saudi
Fri Apr 30 16:10:49 +0000 2021,Sancer505,ูุงูุชู ูู ุงุญุณู ูุงูุถู ุญุงู ูุงููุณูููู ุงุฌูุน#ุชุญุจุจุจุจ_ุงุงุงูุนููููู_ูุงุนูููู_ุนูุงุงุงุงุงF8v,0.0,0.0,Reino de Arabia Saudi
Fri Apr 30 16:10:50 +0000 2021,Rigeortega,ุงููููู ุฃูุชูุจ ูููู ูููู ุงูุฎููุฑู .#ุชุญุจุจุจุจ_ุงุงุงูุนููููู_ูุงุนูููู_ุนูุงุงุงุงุงaZo,0.0,0.0,Reino de Arabia Saudi
Fri Apr 30 16:10:51 +0000 2021,elenalorenzo16,ู ุฑุถุง ููุณ ุจุนุฏู ุณุฎุท ุ#ุชุญุจุจุจุจ_ุงุงุงูุนููููู_ูุงุนูููู_ุนูุงุงุงุงุง4IL,0.0,0.0,Reino de Arabia Saudi
Fri Apr 30 16:10:52 +0000 2021,soph12yh,ุฐู ุงูุฌูุงู ูุงูุฅูุฑุงู: ูู ุงูููุงู ูุงูุฌูุงู ูุงูุฅูุนุงู#ุชุญุจุจุจุจ_ุงุงุงูุนููููู_ูุงุนูููู_ุนูุงุงุงุงุงOcY,0.0,0.0,Kingdom of Saudi Arabia
Fri Apr 30 16:10:52 +0000 2021,IannyCabral,(ุฅููุงุฃูุฑู ุฅุฐุง ุฃุฑุงุฏ ุดูุฆุง ุฃู ูููู ูู ูู ููููู)#ุชุญุจุจุจุจ_ุงุงุงูุนููููู_ูุงุนูููู_ุนูุงุงุงุงุง8mS,0.0,0.0,Reino da Arรกbia Saudita
Fri Apr 30 16:10:52 +0000 2021,ral_m27,ูุฅุฐุง ุงูุชุตุฑุช ุนูู ุฃุฎูู#ุชุญุจุจุจุจ_ุงุงุงูุนููููู_ูุงุนูููู_ุนูุงุงุงุงุงxyY,0.0,0.0,Reino de Arabia Saudi
Fri Apr 30 16:10:53 +0000 2021,MSherif9810,@Urfavwriter_ @nadaAyman112 ๐๐๐๐๐๐๐๐๐๐๐๐๐๐๐๐,0.0,0.0,Abu Dhabi
Fri Apr 30 16:10:53 +0000 2021,kocasiistesiker,ุฌูุงูุฉ: ุญุจูุฉ ุงููุคูุคุ ุฃู ุงูุญุจูุฉ ุงููุถููุฉ ูุซู ุงููุคูุค. ูููู: ุฃุตููุง ูุงุชูููุ ูุฌูุนูุง ุฌูุงู.#ุชุญุจุจุจุจ_ุงุงุงูุนููููู_ูุงุนูููู_ุนูุงุงุงุงุงTyw,0.0,0.0,ุงูููููุฉ ุงูุนุฑุจูุฉ ุงูุณุนูุฏูุฉ
Fri Apr 30 16:10:53 +0000 2021,candacetodd519,ุงูููู ูุงููุฒู ุงูุบูุซ ูุจ ููุง ูููุงูุฏููุง ูู ูุณุงุฆู ุฑุญูุชู ุงูุนูู ูุงูุนุงููุฉ ูุงูุฑุฒู ูุงูุจุฑูุฉ ูุงูุฑุถุง ูุงูุณุชุฑ ูุงุบูุฑ ุงูููู ูุงููุงุชูุงโฆ https://t.co/4KuVFACIEu,0.0,0.0,Kingdom of Saudi Arabia
Fri Apr 30 16:10:53 +0000 2021,elbe_271_271,ุงูุจุฏูุน: ุฃูุฌุฏ ูู ุดูุก ููุง ูุซูู ูู#ุชุญุจุจุจุจ_ุงุงุงูุนููููู_ูุงุนูููู_ุนูุงุงุงุงุงLgT,0.0,0.0,Reino de Arabia Saudi
Fri Apr 30 16:10:54 +0000 2021,msboojari,@elhamve ุญูุฑ :),0.5,1.0,Islamic Republic of Iran
Fri Apr 30 16:10:54 +0000 2021,Trunks1286,ุจุฏูุน: ุฎุงูู ูุจุฏุน ุฌููู ุฑุงุฆุน ูุญุฏุซ ุนุฌูุจ#ุชุญุจุจุจุจ_ุงุงุงูุนููููู_ูุงุนูููู_ุนูุงุงุงุงุงosy,0.0,0.0,Reino de Arabia Saudi
Fri Apr 30 16:10:55 +0000 2021,emilcederre,- ูุงู ุชุนุงูู: (ุฅูููู ุงูููููู ููููููุงุฆูููุชููู ููุตููููููู ุนูููู ุงููููุจูููู ููุง ุฃููููููุง ุงูููุฐูููู ุขูููููุง ุตูููููุง ุนูููโฆ https://t.co/uLYhuWhCBG,-0.75,1.0,Kingdom of Saudi Arabia
Fri Apr 30 16:10:55 +0000 2021,albave10,ูุตุนุจ : ุงูุฐู ูุชุญูู ุงูุดุฏุงูุฏ#ุชุญุจุจุจุจ_ุงุงุงูุนููููู_ูุงุนูููู_ุนูุงุงุงุงุงQmD,0.0,0.0,Reino de Arabia Saudi
Fri Apr 30 16:10:56 +0000 2021,IsabelaBreto,ุงูุฐู ูุญุชุงุฌ ูุงุณุชุฎุฏุงู#ุชุญุจุจุจุจ_ุงุงุงูุนููููู_ูุงุนูููู_ุนูุงุงุงุงุงB3G,0.0,0.0,Reino de Arabia Saudi
Fri Apr 30 16:10:56 +0000 2021,Antimaltrato,ุชุจุนุง ูุทุจูุนุฉ ุนูููู#ุชุญุจุจุจุจ_ุงุงุงูุนููููู_ูุงุนูููู_ุนูุงุงุงุงุง5oE,0.0,0.0,Reino de Arabia Saudi
Fri Apr 30 16:10:57 +0000 2021,KeilaJoyeria,ูุงุชูุฒู ุฅูุง ููุฒู ุงูุนุฒ ูุงูุทูุจ#ุชุญุจุจุจุจ_ุงุงุงูุนููููู_ูุงุนูููู_ุนูุงุงุงุงุงu7T,0.0,0.0,Reino de Arabia Saudi
Fri Apr 30 16:10:57 +0000 2021,denisse_soundy,ุซู ุงูุนุชู#ุชุญุจุจุจุจ_ุงุงุงูุนููููู_ูุงุนูููู_ุนูุงุงุงุงุงpEA,0.0,0.0,Kingdom of Saudi Arabia
Fri Apr 30 16:10:57 +0000 2021,cezz98,ุงุตูู : ุฐู ุงุตุงูุฉ ูุงูููุช ุจูู ุงูุนุตุฑ ูุงููุบุฑุจ#ุชุญุจุจุจุจ_ุงุงุงูุนููููู_ูุงุนูููู_ุนูุงุงุงุงุง4Dy,0.0,0.0,Reino de Arabia Saudi
Fri Apr 30 16:10:58 +0000 2021,saritabp24,ุชูุซู ุงูุจุญูุซ#ุชุญุจุจุจุจ_ุงุงุงูุนููููู_ูุงุนูููู_ุนูุงุงุงุงุง3Ac,0.0,0.0,Reino de Arabia Saudi
Fri Apr 30 16:10:58 +0000 2021,loveewordss,ุงูููู ุงุดููู ูุงุบุฑุณ ุงูุนุงููุฉ ูู ุฌุณุฏูู ูุงุฌุนู ูู ูุฌุน ุชูููุฑูุง ููู ูุงุฑุจ ูุงุฑูุน ุงูููู ุนูุง ูุนู ุงููุณูููู ุงุฌูุนูู ุงูุจูุงุก ูุงุญู ูุงโฆ https://t.co/Tsl023uGDh,0.0,0.0,Koninkrijk Saudi-Arabiรซ
Fri Apr 30 16:10:59 +0000 2021,mcdobangerz16,ูุงููุณูููู ุฃุฌูุนูู#ุชุญุจุจุจุจ_ุงุงุงูุนููููู_ูุงุนูููู_ุนูุงุงุงุงุงZiz,0.0,0.0,Reino da Arรกbia Saudita
Fri Apr 30 16:10:59 +0000 2021,leylaakel27,ุงูููู ุตูู ูุณูู ูุจุงุฑู ูุฃูุนู ุนูู ูุจููุง ูุญูุฏ ๏ทบ ูุนูู ุขูู ูุตุญุจู ูุณูู#ุชุญุจุจุจุจ_ุงุงุงูุนููููู_ูุงุนูููู_ุนูุงุงุงุงุงVNp,0.0,0.0,Reino de Arabia Saudi
Fri Apr 30 16:10:59 +0000 2021,v8VyPqW7AZnjmLd,@0dqd2DGwuxXGt2K ุงููู ููุฑุฌูุง ุนูู ุงูู ูุญูุฏ https://t.co/LMuQM95crs,0.0,0.0,Abu Dhabi
Fri Apr 30 16:11:00 +0000 2021,Lau_9605,ุงูููู ุงูููุง ูุฅูุงูู ุดุฑ ุงูุฃููู ูุงุฑุฒููุง ูุฅูุงูู ุงูุซุงููุฉ ูุงููุณูููู ุฃุฌูุนูู#ุชุญุจุจุจุจ_ุงุงุงูุนููููู_ูุงุนูููู_ุนูุงุงุงุงุงRfh,0.0,0.0,Reino de Arabia Saudi
Fri Apr 30 16:11:00 +0000 2021,grichur,ุงูุฑุญูู: ุงูููุนู ุจุฏูุงุฆู ุงููุนู#ุชุญุจุจุจุจ_ุงุงุงูุนููููู_ูุงุนูููู_ุนูุงุงุงุงุงUjp,0.0,0.0,Reino de Arabia Saudi
Fri Apr 30 16:11:01 +0000 2021,ivannacorsten,ุงููุฏูุฏ: ุงููุญุณู ูุนุจุงุฏู#ุชุญุจุจุจุจ_ุงุงุงูุนููููู_ูุงุนูููู_ุนูุงุงุงุงุง2xr,0.0,0.0,Reino de Arabia Saudi
Fri Apr 30 16:11:02 +0000 2021,jdavid6894,ุงูููู ุงุฌุนููุง ูุงูุงูู ูู ุงููุฎูุตูู ุ ูุนูุฏ ุญุณู ุงูุธู#ุชุญุจุจุจุจ_ุงุงุงูุนููููู_ูุงุนูููู_ุนูุงุงุงุงุง9jD,0.0,0.0,Reino de Arabia Saudi
Fri Apr 30 16:11:02 +0000 2021,marisalonis,ุงูููู ุงุฌุนููููู ููู ูุง ููุนู ุฅูุง ุฎูุฑ#ุชุญุจุจุจุจ_ุงุงุงูุนููููู_ูุงุนูููู_ุนูุงุงุงุงุงBpH,0.0,0.0,Reino de Arabia Saudi
Fri Apr 30 16:11:03 +0000 2021,yramliw_19,ุงูููู ุฒุฏูุง ููุง ุชููุตูุงุ#ุชุญุจุจุจุจ_ุงุงุงูุนููููู_ูุงุนูููู_ุนูุงุงุงุงุงaPL,0.0,0.0,Reino de Arabia Saudi
Fri Apr 30 16:11:03 +0000 2021,NOH8Venezuela,ุฅูุชุดุงุฑ ุงูุญุฑุงู ุญููู ..! ูุง ุชุนูู ุงุณุชุจุงุญุชู ..#ุชุญุจุจุจุจ_ุงุงุงูุนููููู_ูุงุนูููู_ุนูุงุงุงุงุงmVC,0.0,0.0,Kingdom of Saudi Arabia
Fri Apr 30 16:11:04 +0000 2021,emiratesrc,ยฐยฐ~ุฃูุฏ ุณูู ุงูุดูุฎ ุญูุฏุงู ุจู ุฒุงูุฏ ุขู ูููุงูุ ูู ุชุตุฑูุญ ุจููุงุณุจุฉ ููู ุฒุงูุฏ ููุนูู ุงูุฅูุณุงููุ ุฃู ุชุนุงูู ุงูุฏููุฉ ูุน ุชุฏุงุนูุงุช ุฌุงุฆโฆ https://t.co/QfnrH2CjkI,0.0,0.0,Abu Dhabi
Fri Apr 30 16:11:04 +0000 2021,Luks_tolosa,ุงููู:- ุงููุคูุณ#ุชุญุจุจุจุจ_ุงุงุงูุนููููู_ูุงุนูููู_ุนูุงุงุงุงุงi4Z,0.0,0.0,Reino de Arabia Saudi
Fri Apr 30 16:11:05 +0000 2021,emiratesrc,H.H Sheikh Hamdan bin Zayed Al Nahyan confirmed in a statement on the occasion of Zayed Humanitarian Work Day thโฆ https://t.co/jd4OeN1px4,0.4,1.0,Abu Dhabi
Fri Apr 30 16:11:05 +0000 2021,FansBarbieAbreu,ูุฃุดุฑุญ ุตุฏูุฑูุง ูุตุฏูุฑูู ุจุฐูุฑู#ุชุญุจุจุจุจ_ุงุงุงูุนููููู_ูุงุนูููู_ุนูุงุงุงุงุงUFW,0.0,0.0,Reino de Arabia Saudi
Fri Apr 30 16:11:05 +0000 2021,Pedro_142857,ุฅุดูุงู: ูุนูุงู ุญูู ุนุทู ุฑุญูุฉ#ุชุญุจุจุจุจ_ุงุงุงูุนููููู_ูุงุนูููู_ุนูุงุงุงุงุงvR9,0.0,0.0,Reino de Arabia Saudi
Fri Apr 30 16:11:05 +0000 2021,AiluZlauvinen15,ุงูููู ุงุฌุนู ุตุจุงุญูุง#ุชุญุจุจุจุจ_ุงุงุงูุนููููู_ูุงุนูููู_ุนูุงุงุงุงุงxF3,0.0,0.0,Reino de Arabia Saudi
Fri Apr 30 16:11:06 +0000 2021,ore_ore_me,ุงูุญูู ุชุฃูุฏุช ุฃู ูุนุธู ุงููู ูู ุชููุชุฑ ุดูุงุทูููู ูููู ู ูููู ูุง ูุฎุตูุง ูู ุฑูุถุงู ู ูุง ุบูุฑู ! ๐,0.0,0.0,Abu Dhabi
Fri Apr 30 16:11:06 +0000 2021,selmaraul,ูุณุชุฑุงู ูุนุงููุฉู ุชุบูููู ุจูุง ุจูุถูู ุนูู ุณูุงู#ุชุญุจุจุจุจ_ุงุงุงูุนููููู_ูุงุนูููู_ุนูุงุงุงุงุงLQW,0.0,0.0,Reino de Arabia Saudi
Fri Apr 30 16:11:06 +0000 2021,titanlilian,ุงูู ุนูู ูู ุดูุฆ ูุฏูุฑ#ุชุญุจุจุจุจ_ุงุงุงูุนููููู_ูุงุนูููู_ุนูุงุงุงุงุง4nv,0.0,0.0,Reino de Arabia Saudi
Fri Apr 30 16:11:07 +0000 2021,jhotmy,ุงูููู ุจุดุฑูุง ุจุฌูุงู ุงูุงููุง ุงููุงุฏูู ูุฃุฌุนููุง ูุงุซููู ุจู ููุชููููู ุนููู#ุชุญุจุจุจุจ_ุงุงุงูุนููููู_ูุงุนูููู_ุนูุงุงุงุงุงle5,0.0,0.0,Reino de Arabia Saudi
Fri Apr 30 16:11:07 +0000 2021,isis_betzadai,๏ดฟุฅูููู ุงูููููู ููููููุงุฆูููุชููู ููุตููููููู ุนูููู ุงููููุจูููู ููุง ุฃููููููุง ุงูููุฐูููู ุขููููููุง ุตูููููุงุนููููููู ููุณููููโฆ https://t.co/1NjoVg9jgf,0.0,0.0,Reino de Arabia Saudi
Fri Apr 30 16:11:07 +0000 2021,lucecitadetigre,ุฅูู ูุง ูุบูุฑ ุงูุฐููุจ ุฅูุง ุฃูุช#ุชุญุจุจุจุจ_ุงุงุงูุนููููู_ูุงุนูููู_ุนูุงุงุงุงุงkC5,0.0,0.0,Reino de Arabia Saudi
Fri Apr 30 16:11:07 +0000 2021,santi_colina30,ููู ูุงูุฉ ููุงูุนูุง#ุชุญุจุจุจุจ_ุงุงุงูุนููููู_ูุงุนูููู_ุนูุงุงุงุงุง5dE,0.0,0.0,Reino de Arabia Saudi
Fri Apr 30 16:11:08 +0000 2021,Salwa_alzarouni,@5aairr ุดููู ุดุนุฑุฌ ุงููุฏูู ุดุนุฑ ูููุฏ,0.0,0.0,Sharjah
Fri Apr 30 16:11:08 +0000 2021,pameluchy01,ููุงุฑ: ูุฌู ุงูุฎูุฑุ#ุชุญุจุจุจุจ_ุงุงุงูุนููููู_ูุงุนูููู_ุนูุงุงุงุงุง16C,0.0,0.0,Reino de Arabia Saudi
Fri Apr 30 16:11:09 +0000 2021,alvinigncio,Happy Fiesta Brgy Saog!,1.0,1.0,Abu Dhabi
Fri Apr 30 16:11:09 +0000 2021,mmuslim,Life is...walking alone.@kataraqatar #Doha #qatar @seemyculture @visitqatar #photooftheday #photography #artโฆ https://t.co/YUJGtDkJ2z,0.0,0.0,Doha
Fri Apr 30 16:11:09 +0000 2021,FranWI6,ูุฃุฑูุน ุนููุง ูุฐุง ุงูุจูุงุก ูุงุฑุจ ุงูุนุงูููู ุ#ุชุญุจุจุจุจ_ุงุงุงูุนููููู_ูุงุนูููู_ุนูุงุงุงุงุงzjh,0.0,0.0,Reino de Arabia Saudi
Fri Apr 30 16:11:09 +0000 2021,CauduroEugenia,ุงูุฎุจูุฑ: ุงูุนููู ุฐู ุงูุฎุจุฑุฉ ุงูุชุงูุฉ ุงูุนุงูู ุจููู ุงูุฃุดูุงุก ูุญูุงุฆููุง#ุชุญุจุจุจุจ_ุงุงุงูุนููููู_ูุงุนูููู_ุนูุงุงุงุงุงiuM,0.0,0.0,Reino de Arabia Saudi
Fri Apr 30 16:11:09 +0000 2021,axloverguner,{ููููููููููู ุขุชูููู ูููููู ุงููููููุงููุฉู ููุฑู}#ุชุญุจุจุจุจ_ุงุงุงูุนููููู_ูุงุนูููู_ุนูุงุงุงุงุงmME,0.0,0.0,Reino da Arรกbia Saudita
